event_id,event_time,event_type,order_id,user_id,store_id,region,payment_method,order_amount,delivery_fee,rider_id,cancel_reason
495,2025-01-01T05:09:37,ORDER_CREATED,O000094,U0896,S047,SEOUL_GANGNAM,NAVER_PAY,34000,3000,,
496,2025-01-01T05:09:37,PAYMENT_COMPLETED,O000094,U0896,S047,SEOUL_GANGNAM,NAVER_PAY,34000,3000,,
497,2025-01-01T05:10:37,STORE_ACCEPTED,O000094,U0896,S047,SEOUL_GANGNAM,NAVER_PAY,34000,3000,,
498,2025-01-01T05:12:37,RIDER_ASSIGNED,O000094,U0896,S047,SEOUL_GANGNAM,NAVER_PAY,34000,3000,R197,
499,2025-01-01T05:32:37,PICKED_UP,O000094,U0896,S047,SEOUL_GANGNAM,NAVER_PAY,34000,3000,R197,
500,2025-01-01T05:58:37,DELIVERY_COMPLETED,O000094,U0896,S047,SEOUL_GANGNAM,NAVER_PAY,34000,3000,R197,
194,2025-01-01T08:00:35,ORDER_CREATED,O000039,U0594,S066,SEOUL_YEONGDEUNGPO,CARD,36000,2000,,
195,2025-01-01T08:02:35,PAYMENT_COMPLETED,O000039,U0594,S066,SEOUL_YEONGDEUNGPO,CARD,36000,2000,,
196,2025-01-01T08:06:35,STORE_ACCEPTED,O000039,U0594,S066,SEOUL_YEONGDEUNGPO,CARD,36000,2000,,
197,2025-01-01T08:16:35,RIDER_ASSIGNED,O000039,U0594,S066,SEOUL_YEONGDEUNGPO,CARD,36000,2000,R044,
198,2025-01-01T08:31:35,PICKED_UP,O000039,U0594,S066,SEOUL_YEONGDEUNGPO,CARD,36000,2000,R044,
199,2025-01-01T08:43:35,DELIVERY_COMPLETED,O000039,U0594,S066,SEOUL_YEONGDEUNGPO,CARD,36000,2000,R044,
13,2025-01-01T11:30:22,ORDER_CREATED,O000003,U0468,S056,SEOUL_GANGNAM,CARD,37000,3000,,
14,2025-01-01T11:32:22,PAYMENT_COMPLETED,O000003,U0468,S056,SEOUL_GANGNAM,CARD,37000,3000,,
15,2025-01-01T11:42:22,STORE_ACCEPTED,O000003,U0468,S056,SEOUL_GANGNAM,CARD,37000,3000,,
16,2025-01-01T11:57:22,RIDER_ASSIGNED,O000003,U0468,S056,SEOUL_GANGNAM,CARD,37000,3000,R033,
17,2025-01-01T12:16:22,PICKED_UP,O000003,U0468,S056,SEOUL_GANGNAM,CARD,37000,3000,R033,
18,2025-01-01T12:50:22,DELIVERY_COMPLETED,O000003,U0468,S056,SEOUL_GANGNAM,CARD,37000,3000,R033,
264,2025-01-01T16:33:06,ORDER_CREATED,O000052,U0151,S113,SEOUL_JONGNO,CARD,30000,2000,,
265,2025-01-01T16:34:06,PAYMENT_COMPLETED,O000052,U0151,S113,SEOUL_JONGNO,CARD,30000,2000,,
266,2025-01-01T16:37:06,STORE_ACCEPTED,O000052,U0151,S113,SEOUL_JONGNO,CARD,30000,2000,,
267,2025-01-01T16:42:06,RIDER_ASSIGNED,O000052,U0151,S113,SEOUL_JONGNO,CARD,30000,2000,R059,
268,2025-01-01T17:00:06,PICKED_UP,O000052,U0151,S113,SEOUL_JONGNO,CARD,30000,2000,R059,
269,2025-01-01T17:31:06,DELIVERY_COMPLETED,O000052,U0151,S113,SEOUL_JONGNO,CARD,30000,2000,R059,
337,2025-01-01T19:05:57,ORDER_CREATED,O000066,U1302,S115,SEOUL_MAPO,NAVER_PAY,12000,4000,,
338,2025-01-01T19:06:57,PAYMENT_COMPLETED,O000066,U1302,S115,SEOUL_MAPO,NAVER_PAY,12000,4000,,
339,2025-01-01T19:20:57,STORE_ACCEPTED,O000066,U1302,S115,SEOUL_MAPO,NAVER_PAY,12000,4000,,
340,2025-01-01T19:39:57,RIDER_ASSIGNED,O000066,U1302,S115,SEOUL_MAPO,NAVER_PAY,12000,4000,R021,
341,2025-01-01T19:52:57,PICKED_UP,O000066,U1302,S115,SEOUL_MAPO,NAVER_PAY,12000,4000,R021,
342,2025-01-01T20:11:57,DELIVERY_COMPLETED,O000066,U1302,S115,SEOUL_MAPO,NAVER_PAY,12000,4000,R021,
892,2025-01-02T07:38:04,ORDER_CREATED,O000171,U0129,S044,SEOUL_SEONGSU,CARD,13000,3000,,
893,2025-01-02T07:39:04,PAYMENT_COMPLETED,O000171,U0129,S044,SEOUL_SEONGSU,CARD,13000,3000,,
894,2025-01-02T07:42:04,STORE_ACCEPTED,O000171,U0129,S044,SEOUL_SEONGSU,CARD,13000,3000,,
895,2025-01-02T07:51:04,RIDER_ASSIGNED,O000171,U0129,S044,SEOUL_SEONGSU,CARD,13000,3000,R122,
896,2025-01-02T08:05:04,PICKED_UP,O000171,U0129,S044,SEOUL_SEONGSU,CARD,13000,3000,R122,
897,2025-01-02T08:17:04,DELIVERY_COMPLETED,O000171,U0129,S044,SEOUL_SEONGSU,CARD,13000,3000,R122,
107,2025-01-02T09:20:57,ORDER_CREATED,O000023,U0086,S104,SEOUL_SEONGSU,CARD,35000,2000,,
108,2025-01-02T09:20:57,PAYMENT_COMPLETED,O000023,U0086,S104,SEOUL_SEONGSU,CARD,35000,2000,,
109,2025-01-02T09:27:57,STORE_ACCEPTED,O000023,U0086,S104,SEOUL_SEONGSU,CARD,35000,2000,,
110,2025-01-02T09:30:57,RIDER_ASSIGNED,O000023,U0086,S104,SEOUL_SEONGSU,CARD,35000,2000,R165,
111,2025-01-02T09:43:57,PICKED_UP,O000023,U0086,S104,SEOUL_SEONGSU,CARD,35000,2000,R165,
343,2025-01-02T10:12:55,ORDER_CREATED,O000067,U0586,S079,SEOUL_MAPO,CARD,30000,2000,,
344,2025-01-02T10:12:55,PAYMENT_COMPLETED,O000067,U0586,S079,SEOUL_MAPO,CARD,30000,2000,,
112,2025-01-02T10:17:57,DELIVERY_COMPLETED,O000023,U0086,S104,SEOUL_SEONGSU,CARD,35000,2000,R165,
345,2025-01-02T10:18:55,STORE_ACCEPTED,O000067,U0586,S079,SEOUL_MAPO,CARD,30000,2000,,
346,2025-01-02T10:19:55,RIDER_ASSIGNED,O000067,U0586,S079,SEOUL_MAPO,CARD,30000,2000,R055,
347,2025-01-02T10:29:55,PICKED_UP,O000067,U0586,S079,SEOUL_MAPO,CARD,30000,2000,R055,
348,2025-01-02T10:46:55,DELIVERY_COMPLETED,O000067,U0586,S079,SEOUL_MAPO,CARD,30000,2000,R055,
586,2025-01-02T15:43:58,ORDER_CREATED,O000111,U0678,S090,SEOUL_JONGNO,NAVER_PAY,20000,1000,,
587,2025-01-02T15:44:58,PAYMENT_COMPLETED,O000111,U0678,S090,SEOUL_JONGNO,NAVER_PAY,20000,1000,,
588,2025-01-02T15:49:58,STORE_ACCEPTED,O000111,U0678,S090,SEOUL_JONGNO,NAVER_PAY,20000,1000,,
540,2025-01-02T22:19:51,ORDER_CREATED,O000102,U0885,S041,SEOUL_SEONGSU,CARD,27000,2000,,
541,2025-01-02T22:21:51,PAYMENT_COMPLETED,O000102,U0885,S041,SEOUL_SEONGSU,CARD,27000,2000,,
542,2025-01-02T22:29:51,STORE_ACCEPTED,O000102,U0885,S041,SEOUL_SEONGSU,CARD,27000,2000,,
543,2025-01-02T22:38:51,RIDER_ASSIGNED,O000102,U0885,S041,SEOUL_SEONGSU,CARD,27000,2000,R125,
164,2025-01-02T23:57:37,ORDER_CREATED,O000034,U0405,S028,SEOUL_JONGNO,NAVER_PAY,29000,2000,,
165,2025-01-02T23:59:37,PAYMENT_COMPLETED,O000034,U0405,S028,SEOUL_JONGNO,NAVER_PAY,29000,2000,,
166,2025-01-03T00:03:37,STORE_ACCEPTED,O000034,U0405,S028,SEOUL_JONGNO,NAVER_PAY,29000,2000,,
167,2025-01-03T00:10:37,RIDER_ASSIGNED,O000034,U0405,S028,SEOUL_JONGNO,NAVER_PAY,29000,2000,R027,
168,2025-01-03T00:19:37,PICKED_UP,O000034,U0405,S028,SEOUL_JONGNO,NAVER_PAY,29000,2000,R027,
169,2025-01-03T00:45:37,DELIVERY_COMPLETED,O000034,U0405,S028,SEOUL_JONGNO,NAVER_PAY,29000,2000,R027,
376,2025-01-03T01:16:18,ORDER_CREATED,O000073,U1489,S067,SEOUL_JAMSIL,NAVER_PAY,35000,3000,,
377,2025-01-03T01:16:18,PAYMENT_COMPLETED,O000073,U1489,S067,SEOUL_JAMSIL,NAVER_PAY,35000,3000,,
224,2025-01-03T01:21:37,ORDER_CREATED,O000044,U0938,S032,SEOUL_GANGNAM,KAKAO_PAY,28000,3000,,
378,2025-01-03T01:22:18,STORE_ACCEPTED,O000073,U1489,S067,SEOUL_JAMSIL,NAVER_PAY,35000,3000,,
225,2025-01-03T01:23:37,PAYMENT_COMPLETED,O000044,U0938,S032,SEOUL_GANGNAM,KAKAO_PAY,28000,3000,,
379,2025-01-03T01:25:18,RIDER_ASSIGNED,O000073,U1489,S067,SEOUL_JAMSIL,NAVER_PAY,35000,3000,R052,
226,2025-01-03T01:29:37,STORE_ACCEPTED,O000044,U0938,S032,SEOUL_GANGNAM,KAKAO_PAY,28000,3000,,
380,2025-01-03T01:33:18,PICKED_UP,O000073,U1489,S067,SEOUL_JAMSIL,NAVER_PAY,35000,3000,R052,
227,2025-01-03T01:44:37,ORDER_CANCELLED,O000044,U0938,S032,SEOUL_GANGNAM,KAKAO_PAY,28000,3000,,NO_RIDER_AVAILABLE
381,2025-01-03T01:54:18,DELIVERY_COMPLETED,O000073,U1489,S067,SEOUL_JAMSIL,NAVER_PAY,35000,3000,R052,
720,2025-01-03T17:37:30,ORDER_CREATED,O000137,U1300,S017,SEOUL_GANGNAM,CASH,38000,2000,,
721,2025-01-03T17:39:30,PAYMENT_COMPLETED,O000137,U1300,S017,SEOUL_GANGNAM,CASH,38000,2000,,
722,2025-01-03T17:42:30,STORE_ACCEPTED,O000137,U1300,S017,SEOUL_GANGNAM,CASH,38000,2000,,
723,2025-01-03T17:50:30,RIDER_ASSIGNED,O000137,U1300,S017,SEOUL_GANGNAM,CASH,38000,2000,R069,
724,2025-01-03T17:55:30,PICKED_UP,O000137,U1300,S017,SEOUL_GANGNAM,CASH,38000,2000,R069,
725,2025-01-03T18:17:30,DELIVERY_COMPLETED,O000137,U1300,S017,SEOUL_GANGNAM,CASH,38000,2000,R069,
803,2025-01-03T22:12:57,ORDER_CREATED,O000153,U0166,S025,SEOUL_SEONGSU,NAVER_PAY,36000,4000,,
804,2025-01-03T22:13:57,PAYMENT_COMPLETED,O000153,U0166,S025,SEOUL_SEONGSU,NAVER_PAY,36000,4000,,
805,2025-01-03T22:15:57,STORE_ACCEPTED,O000153,U0166,S025,SEOUL_SEONGSU,NAVER_PAY,36000,4000,,
806,2025-01-03T22:19:57,RIDER_ASSIGNED,O000153,U0166,S025,SEOUL_SEONGSU,NAVER_PAY,36000,4000,R072,
807,2025-01-03T22:38:57,PICKED_UP,O000153,U0166,S025,SEOUL_SEONGSU,NAVER_PAY,36000,4000,R072,
808,2025-01-03T22:51:57,DELIVERY_COMPLETED,O000153,U0166,S025,SEOUL_SEONGSU,NAVER_PAY,36000,4000,R072,
1043,2025-01-03T23:55:45,ORDER_CREATED,O000200,U0333,S099,SEOUL_YEONGDEUNGPO,KAKAO_PAY,20000,2000,,
1044,2025-01-03T23:56:45,PAYMENT_COMPLETED,O000200,U0333,S099,SEOUL_YEONGDEUNGPO,KAKAO_PAY,20000,2000,,
985,2025-01-03T23:58:00,ORDER_CREATED,O000189,U1050,S046,SEOUL_JONGNO,KAKAO_PAY,25000,1000,,
986,2025-01-04T00:00:00,PAYMENT_COMPLETED,O000189,U1050,S046,SEOUL_JONGNO,KAKAO_PAY,25000,1000,,
1045,2025-01-04T00:04:45,STORE_ACCEPTED,O000200,U0333,S099,SEOUL_YEONGDEUNGPO,KAKAO_PAY,20000,2000,,
987,2025-01-04T00:06:00,STORE_ACCEPTED,O000189,U1050,S046,SEOUL_JONGNO,KAKAO_PAY,25000,1000,,
1046,2025-01-04T00:09:45,RIDER_ASSIGNED,O000200,U0333,S099,SEOUL_YEONGDEUNGPO,KAKAO_PAY,20000,2000,R011,
988,2025-01-04T00:14:00,RIDER_ASSIGNED,O000189,U1050,S046,SEOUL_JONGNO,KAKAO_PAY,25000,1000,R057,
1047,2025-01-04T00:17:45,PICKED_UP,O000200,U0333,S099,SEOUL_YEONGDEUNGPO,KAKAO_PAY,20000,2000,R011,
989,2025-01-04T00:19:00,PICKED_UP,O000189,U1050,S046,SEOUL_JONGNO,KAKAO_PAY,25000,1000,R057,
1048,2025-01-04T00:40:45,DELIVERY_COMPLETED,O000200,U0333,S099,SEOUL_YEONGDEUNGPO,KAKAO_PAY,20000,2000,R011,
990,2025-01-04T00:48:00,DELIVERY_COMPLETED,O000189,U1050,S046,SEOUL_JONGNO,KAKAO_PAY,25000,1000,R057,
471,2025-01-04T07:48:11,ORDER_CREATED,O000090,U0346,S050,SEOUL_SEONGSU,CARD,17000,4000,,
472,2025-01-04T07:49:11,PAYMENT_COMPLETED,O000090,U0346,S050,SEOUL_SEONGSU,CARD,17000,4000,,
473,2025-01-04T07:54:11,STORE_ACCEPTED,O000090,U0346,S050,SEOUL_SEONGSU,CARD,17000,4000,,
474,2025-01-04T07:56:11,RIDER_ASSIGNED,O000090,U0346,S050,SEOUL_SEONGSU,CARD,17000,4000,R107,
475,2025-01-04T08:08:11,PICKED_UP,O000090,U0346,S050,SEOUL_SEONGSU,CARD,17000,4000,R107,
476,2025-01-04T08:20:11,DELIVERY_COMPLETED,O000090,U0346,S050,SEOUL_SEONGSU,CARD,17000,4000,R107,
423,2025-01-04T12:36:43,ORDER_CREATED,O000082,U1136,S014,SEOUL_GANGNAM,KAKAO_PAY,36000,0,,
424,2025-01-04T12:38:43,PAYMENT_COMPLETED,O000082,U1136,S014,SEOUL_GANGNAM,KAKAO_PAY,36000,0,,
425,2025-01-04T12:43:43,STORE_ACCEPTED,O000082,U1136,S014,SEOUL_GANGNAM,KAKAO_PAY,36000,0,,
426,2025-01-04T12:53:43,RIDER_ASSIGNED,O000082,U1136,S014,SEOUL_GANGNAM,KAKAO_PAY,36000,0,R189,
950,2025-01-04T13:00:12,ORDER_CREATED,O000182,U0532,S016,SEOUL_MAPO,KAKAO_PAY,25000,4000,,
951,2025-01-04T13:01:12,PAYMENT_COMPLETED,O000182,U0532,S016,SEOUL_MAPO,KAKAO_PAY,25000,4000,,
427,2025-01-04T13:05:43,PICKED_UP,O000082,U1136,S014,SEOUL_GANGNAM,KAKAO_PAY,36000,0,R189,
161,2025-01-04T13:08:14,ORDER_CREATED,O000033,U0947,S092,SEOUL_SEONGSU,CASH,37000,2000,,
162,2025-01-04T13:09:14,PAYMENT_COMPLETED,O000033,U0947,S092,SEOUL_SEONGSU,CASH,37000,2000,,
952,2025-01-04T13:15:12,STORE_ACCEPTED,O000182,U0532,S016,SEOUL_MAPO,KAKAO_PAY,25000,4000,,
163,2025-01-04T13:21:14,ORDER_CANCELLED,O000033,U0947,S092,SEOUL_SEONGSU,CASH,37000,2000,,USER_CHANGED_MIND
428,2025-01-04T13:33:43,DELIVERY_COMPLETED,O000082,U1136,S014,SEOUL_GANGNAM,KAKAO_PAY,36000,0,R189,
953,2025-01-04T13:35:12,RIDER_ASSIGNED,O000182,U0532,S016,SEOUL_MAPO,KAKAO_PAY,25000,4000,R115,
954,2025-01-04T13:56:12,PICKED_UP,O000182,U0532,S016,SEOUL_MAPO,KAKAO_PAY,25000,4000,R115,
955,2025-01-04T14:17:12,DELIVERY_COMPLETED,O000182,U0532,S016,SEOUL_MAPO,KAKAO_PAY,25000,4000,R115,
131,2025-01-04T14:54:44,ORDER_CREATED,O000027,U0079,S055,SEOUL_JONGNO,NAVER_PAY,37000,2000,,
132,2025-01-04T14:59:44,ORDER_CANCELLED,O000027,U0079,S055,SEOUL_JONGNO,NAVER_PAY,37000,2000,,USER_CHANGED_MIND
550,2025-01-04T19:30:38,ORDER_CREATED,O000104,U1176,S052,SEOUL_SEONGSU,KAKAO_PAY,26000,4000,,
551,2025-01-04T19:30:38,PAYMENT_COMPLETED,O000104,U1176,S052,SEOUL_SEONGSU,KAKAO_PAY,26000,4000,,
552,2025-01-04T19:42:38,ORDER_CANCELLED,O000104,U1176,S052,SEOUL_SEONGSU,KAKAO_PAY,26000,4000,,PAYMENT_FAILED
70,2025-01-04T22:20:55,ORDER_CREATED,O000013,U0570,S088,SEOUL_YEONGDEUNGPO,CARD,22000,2000,,
71,2025-01-04T22:20:55,PAYMENT_COMPLETED,O000013,U0570,S088,SEOUL_YEONGDEUNGPO,CARD,22000,2000,,
72,2025-01-04T22:27:55,STORE_ACCEPTED,O000013,U0570,S088,SEOUL_YEONGDEUNGPO,CARD,22000,2000,,
73,2025-01-04T22:30:55,RIDER_ASSIGNED,O000013,U0570,S088,SEOUL_YEONGDEUNGPO,CARD,22000,2000,R083,
74,2025-01-04T22:43:55,PICKED_UP,O000013,U0570,S088,SEOUL_YEONGDEUNGPO,CARD,22000,2000,R083,
75,2025-01-04T23:01:55,DELIVERY_COMPLETED,O000013,U0570,S088,SEOUL_YEONGDEUNGPO,CARD,22000,2000,R083,
251,2025-01-04T23:12:52,ORDER_CREATED,O000049,U0295,S051,SEOUL_JAMSIL,CARD,32000,3000,,
252,2025-01-04T23:13:52,PAYMENT_COMPLETED,O000049,U0295,S051,SEOUL_JAMSIL,CARD,32000,3000,,
253,2025-01-04T23:14:52,STORE_ACCEPTED,O000049,U0295,S051,SEOUL_JAMSIL,CARD,32000,3000,,
254,2025-01-04T23:20:52,RIDER_ASSIGNED,O000049,U0295,S051,SEOUL_JAMSIL,CARD,32000,3000,R074,
255,2025-01-04T23:30:52,PICKED_UP,O000049,U0295,S051,SEOUL_JAMSIL,CARD,32000,3000,R074,
256,2025-01-05T00:05:52,DELIVERY_COMPLETED,O000049,U0295,S051,SEOUL_JAMSIL,CARD,32000,3000,R074,
925,2025-01-05T08:31:58,ORDER_CREATED,O000177,U0457,S054,SEOUL_JONGNO,KAKAO_PAY,31000,2000,,
926,2025-01-05T08:31:58,PAYMENT_COMPLETED,O000177,U0457,S054,SEOUL_JONGNO,KAKAO_PAY,31000,2000,,
927,2025-01-05T08:37:58,STORE_ACCEPTED,O000177,U0457,S054,SEOUL_JONGNO,KAKAO_PAY,31000,2000,,
928,2025-01-05T08:40:58,RIDER_ASSIGNED,O000177,U0457,S054,SEOUL_JONGNO,KAKAO_PAY,31000,2000,R100,
929,2025-01-05T08:55:58,PICKED_UP,O000177,U0457,S054,SEOUL_JONGNO,KAKAO_PAY,31000,2000,R100,
930,2025-01-05T09:10:58,DELIVERY_COMPLETED,O000177,U0457,S054,SEOUL_JONGNO,KAKAO_PAY,31000,2000,R100,
979,2025-01-05T22:59:26,ORDER_CREATED,O000188,U0600,S071,SEOUL_YEONGDEUNGPO,KAKAO_PAY,33000,3000,,
980,2025-01-05T23:00:26,PAYMENT_COMPLETED,O000188,U0600,S071,SEOUL_YEONGDEUNGPO,KAKAO_PAY,33000,3000,,
981,2025-01-05T23:04:26,STORE_ACCEPTED,O000188,U0600,S071,SEOUL_YEONGDEUNGPO,KAKAO_PAY,33000,3000,,
982,2025-01-05T23:07:26,RIDER_ASSIGNED,O000188,U0600,S071,SEOUL_YEONGDEUNGPO,KAKAO_PAY,33000,3000,R094,
983,2025-01-05T23:14:26,PICKED_UP,O000188,U0600,S071,SEOUL_YEONGDEUNGPO,KAKAO_PAY,33000,3000,R094,
984,2025-01-05T23:43:26,DELIVERY_COMPLETED,O000188,U0600,S071,SEOUL_YEONGDEUNGPO,KAKAO_PAY,33000,3000,R094,
970,2025-01-06T02:41:51,ORDER_CREATED,O000186,U0008,S028,SEOUL_SEONGSU,CARD,42000,3000,,
971,2025-01-06T02:42:51,PAYMENT_COMPLETED,O000186,U0008,S028,SEOUL_SEONGSU,CARD,42000,3000,,
972,2025-01-06T02:48:51,STORE_ACCEPTED,O000186,U0008,S028,SEOUL_SEONGSU,CARD,42000,3000,,
513,2025-01-06T03:17:04,ORDER_CREATED,O000097,U1196,S055,SEOUL_JAMSIL,NAVER_PAY,24000,4000,,
514,2025-01-06T03:17:04,PAYMENT_COMPLETED,O000097,U1196,S055,SEOUL_JAMSIL,NAVER_PAY,24000,4000,,
515,2025-01-06T03:25:04,STORE_ACCEPTED,O000097,U1196,S055,SEOUL_JAMSIL,NAVER_PAY,24000,4000,,
516,2025-01-06T03:28:04,RIDER_ASSIGNED,O000097,U1196,S055,SEOUL_JAMSIL,NAVER_PAY,24000,4000,R118,
517,2025-01-06T03:43:04,PICKED_UP,O000097,U1196,S055,SEOUL_JAMSIL,NAVER_PAY,24000,4000,R118,
518,2025-01-06T04:04:04,DELIVERY_COMPLETED,O000097,U1196,S055,SEOUL_JAMSIL,NAVER_PAY,24000,4000,R118,
98,2025-01-06T13:01:41,ORDER_CREATED,O000021,U0691,S042,SEOUL_JAMSIL,CARD,38000,3000,,
99,2025-01-06T13:03:41,PAYMENT_COMPLETED,O000021,U0691,S042,SEOUL_JAMSIL,CARD,38000,3000,,
100,2025-01-06T13:04:41,ORDER_CANCELLED,O000021,U0691,S042,SEOUL_JAMSIL,CARD,38000,3000,,PAYMENT_FAILED
419,2025-01-06T14:18:24,ORDER_CREATED,O000081,U1119,S090,SEOUL_MAPO,NAVER_PAY,30000,0,,
420,2025-01-06T14:20:24,PAYMENT_COMPLETED,O000081,U1119,S090,SEOUL_MAPO,NAVER_PAY,30000,0,,
421,2025-01-06T14:28:24,STORE_ACCEPTED,O000081,U1119,S090,SEOUL_MAPO,NAVER_PAY,30000,0,,
422,2025-01-06T14:29:24,RIDER_ASSIGNED,O000081,U1119,S090,SEOUL_MAPO,NAVER_PAY,30000,0,R199,
85,2025-01-06T15:24:15,ORDER_CREATED,O000017,U0076,S014,SEOUL_JONGNO,KAKAO_PAY,35000,3000,,
86,2025-01-06T15:24:15,PAYMENT_COMPLETED,O000017,U0076,S014,SEOUL_JONGNO,KAKAO_PAY,35000,3000,,
87,2025-01-06T15:29:15,STORE_ACCEPTED,O000017,U0076,S014,SEOUL_JONGNO,KAKAO_PAY,35000,3000,,
88,2025-01-06T15:36:15,ORDER_CANCELLED,O000017,U0076,S014,SEOUL_JONGNO,KAKAO_PAY,35000,3000,,NO_RIDER_AVAILABLE
257,2025-01-06T19:09:32,ORDER_CREATED,O000050,U0775,S076,SEOUL_SEONGSU,CARD,22000,3000,,
258,2025-01-06T19:09:32,PAYMENT_COMPLETED,O000050,U0775,S076,SEOUL_SEONGSU,CARD,22000,3000,,
259,2025-01-06T19:17:32,ORDER_CANCELLED,O000050,U0775,S076,SEOUL_SEONGSU,CARD,22000,3000,,USER_CHANGED_MIND
919,2025-01-06T22:06:23,ORDER_CREATED,O000176,U1248,S011,SEOUL_JAMSIL,CARD,29000,2000,,
920,2025-01-06T22:06:23,PAYMENT_COMPLETED,O000176,U1248,S011,SEOUL_JAMSIL,CARD,29000,2000,,
921,2025-01-06T22:10:23,STORE_ACCEPTED,O000176,U1248,S011,SEOUL_JAMSIL,CARD,29000,2000,,
922,2025-01-06T22:20:23,RIDER_ASSIGNED,O000176,U1248,S011,SEOUL_JAMSIL,CARD,29000,2000,R091,
923,2025-01-06T22:35:23,PICKED_UP,O000176,U1248,S011,SEOUL_JAMSIL,CARD,29000,2000,R091,
924,2025-01-06T22:48:23,DELIVERY_COMPLETED,O000176,U1248,S011,SEOUL_JAMSIL,CARD,29000,2000,R091,
827,2025-01-06T23:40:44,ORDER_CREATED,O000158,U0779,S003,SEOUL_SEONGSU,CARD,41000,2000,,
828,2025-01-06T23:42:44,PAYMENT_COMPLETED,O000158,U0779,S003,SEOUL_SEONGSU,CARD,41000,2000,,
829,2025-01-06T23:49:44,STORE_ACCEPTED,O000158,U0779,S003,SEOUL_SEONGSU,CARD,41000,2000,,
830,2025-01-06T23:56:44,RIDER_ASSIGNED,O000158,U0779,S003,SEOUL_SEONGSU,CARD,41000,2000,R154,
831,2025-01-07T00:07:44,PICKED_UP,O000158,U0779,S003,SEOUL_SEONGSU,CARD,41000,2000,R154,
832,2025-01-07T00:30:44,DELIVERY_COMPLETED,O000158,U0779,S003,SEOUL_SEONGSU,CARD,41000,2000,R154,
403,2025-01-07T05:28:18,ORDER_CREATED,O000078,U1154,S069,SEOUL_JONGNO,CARD,25000,1000,,
404,2025-01-07T05:30:18,PAYMENT_COMPLETED,O000078,U1154,S069,SEOUL_JONGNO,CARD,25000,1000,,
405,2025-01-07T05:33:18,STORE_ACCEPTED,O000078,U1154,S069,SEOUL_JONGNO,CARD,25000,1000,,
406,2025-01-07T05:40:18,RIDER_ASSIGNED,O000078,U1154,S069,SEOUL_JONGNO,CARD,25000,1000,R195,
407,2025-01-07T05:45:18,PICKED_UP,O000078,U1154,S069,SEOUL_JONGNO,CARD,25000,1000,R195,
408,2025-01-07T06:20:18,DELIVERY_COMPLETED,O000078,U1154,S069,SEOUL_JONGNO,CARD,25000,1000,R195,
643,2025-01-07T11:35:11,ORDER_CREATED,O000122,U0935,S013,SEOUL_MAPO,NAVER_PAY,22000,3000,,
644,2025-01-07T11:35:11,PAYMENT_COMPLETED,O000122,U0935,S013,SEOUL_MAPO,NAVER_PAY,22000,3000,,
645,2025-01-07T11:46:11,STORE_ACCEPTED,O000122,U0935,S013,SEOUL_MAPO,NAVER_PAY,22000,3000,,
646,2025-01-07T11:54:11,RIDER_ASSIGNED,O000122,U0935,S013,SEOUL_MAPO,NAVER_PAY,22000,3000,R020,
647,2025-01-07T12:08:11,PICKED_UP,O000122,U0935,S013,SEOUL_MAPO,NAVER_PAY,22000,3000,R020,
382,2025-01-07T12:17:28,ORDER_CREATED,O000074,U0794,S035,SEOUL_YEONGDEUNGPO,CARD,30000,1000,,
383,2025-01-07T12:19:28,PAYMENT_COMPLETED,O000074,U0794,S035,SEOUL_YEONGDEUNGPO,CARD,30000,1000,,
384,2025-01-07T12:22:28,STORE_ACCEPTED,O000074,U0794,S035,SEOUL_YEONGDEUNGPO,CARD,30000,1000,,
385,2025-01-07T12:27:28,RIDER_ASSIGNED,O000074,U0794,S035,SEOUL_YEONGDEUNGPO,CARD,30000,1000,R026,
648,2025-01-07T12:28:11,DELIVERY_COMPLETED,O000122,U0935,S013,SEOUL_MAPO,NAVER_PAY,22000,3000,R020,
386,2025-01-07T12:39:28,PICKED_UP,O000074,U0794,S035,SEOUL_YEONGDEUNGPO,CARD,30000,1000,R026,
387,2025-01-07T13:09:28,DELIVERY_COMPLETED,O000074,U0794,S035,SEOUL_YEONGDEUNGPO,CARD,30000,1000,R026,
67,2025-01-07T14:24:08,ORDER_CREATED,O000012,U0374,S012,SEOUL_JONGNO,CARD,19000,1000,,
68,2025-01-07T14:24:08,PAYMENT_COMPLETED,O000012,U0374,S012,SEOUL_JONGNO,CARD,19000,1000,,
69,2025-01-07T14:32:08,ORDER_CANCELLED,O000012,U0374,S012,SEOUL_JONGNO,CARD,19000,1000,,USER_CHANGED_MIND
394,2025-01-07T19:40:30,ORDER_CREATED,O000076,U0723,S042,SEOUL_JAMSIL,KAKAO_PAY,36000,4000,,
395,2025-01-07T19:41:30,PAYMENT_COMPLETED,O000076,U0723,S042,SEOUL_JAMSIL,KAKAO_PAY,36000,4000,,
396,2025-01-07T19:55:30,STORE_ACCEPTED,O000076,U0723,S042,SEOUL_JAMSIL,KAKAO_PAY,36000,4000,,
397,2025-01-07T20:01:30,RIDER_ASSIGNED,O000076,U0723,S042,SEOUL_JAMSIL,KAKAO_PAY,36000,4000,R055,
398,2025-01-07T20:16:30,PICKED_UP,O000076,U0723,S042,SEOUL_JAMSIL,KAKAO_PAY,36000,4000,R055,
888,2025-01-07T20:43:23,ORDER_CREATED,O000170,U1175,S072,SEOUL_GANGNAM,CARD,32000,3000,,
889,2025-01-07T20:45:23,PAYMENT_COMPLETED,O000170,U1175,S072,SEOUL_GANGNAM,CARD,32000,3000,,
399,2025-01-07T20:49:30,DELIVERY_COMPLETED,O000076,U0723,S042,SEOUL_JAMSIL,KAKAO_PAY,36000,4000,R055,
890,2025-01-07T20:50:23,STORE_ACCEPTED,O000170,U1175,S072,SEOUL_GANGNAM,CARD,32000,3000,,
915,2025-01-07T20:51:05,ORDER_CREATED,O000175,U0656,S042,SEOUL_SEONGSU,CASH,16000,4000,,
916,2025-01-07T20:52:05,PAYMENT_COMPLETED,O000175,U0656,S042,SEOUL_SEONGSU,CASH,16000,4000,,
891,2025-01-07T20:54:23,RIDER_ASSIGNED,O000170,U1175,S072,SEOUL_GANGNAM,CARD,32000,3000,R173,
917,2025-01-07T20:56:05,STORE_ACCEPTED,O000175,U0656,S042,SEOUL_SEONGSU,CASH,16000,4000,,
918,2025-01-07T21:03:05,ORDER_CANCELLED,O000175,U0656,S042,SEOUL_SEONGSU,CASH,16000,4000,,NO_RIDER_AVAILABLE
565,2025-01-08T02:32:07,ORDER_CREATED,O000107,U1310,S096,SEOUL_GANGNAM,KAKAO_PAY,25000,2000,,
566,2025-01-08T02:34:07,PAYMENT_COMPLETED,O000107,U1310,S096,SEOUL_GANGNAM,KAKAO_PAY,25000,2000,,
567,2025-01-08T02:37:07,STORE_ACCEPTED,O000107,U1310,S096,SEOUL_GANGNAM,KAKAO_PAY,25000,2000,,
568,2025-01-08T02:39:07,RIDER_ASSIGNED,O000107,U1310,S096,SEOUL_GANGNAM,KAKAO_PAY,25000,2000,R025,
569,2025-01-08T02:54:07,PICKED_UP,O000107,U1310,S096,SEOUL_GANGNAM,KAKAO_PAY,25000,2000,R025,
570,2025-01-08T03:20:07,DELIVERY_COMPLETED,O000107,U1310,S096,SEOUL_GANGNAM,KAKAO_PAY,25000,2000,R025,
441,2025-01-08T05:57:20,ORDER_CREATED,O000085,U0943,S031,SEOUL_YEONGDEUNGPO,CARD,26000,2000,,
442,2025-01-08T05:58:20,PAYMENT_COMPLETED,O000085,U0943,S031,SEOUL_YEONGDEUNGPO,CARD,26000,2000,,
443,2025-01-08T06:06:20,STORE_ACCEPTED,O000085,U0943,S031,SEOUL_YEONGDEUNGPO,CARD,26000,2000,,
444,2025-01-08T06:09:20,RIDER_ASSIGNED,O000085,U0943,S031,SEOUL_YEONGDEUNGPO,CARD,26000,2000,R089,
445,2025-01-08T06:23:20,PICKED_UP,O000085,U0943,S031,SEOUL_YEONGDEUNGPO,CARD,26000,2000,R089,
446,2025-01-08T06:50:20,DELIVERY_COMPLETED,O000085,U0943,S031,SEOUL_YEONGDEUNGPO,CARD,26000,2000,R089,
592,2025-01-08T06:55:24,ORDER_CREATED,O000113,U1378,S071,SEOUL_JONGNO,CARD,27000,3000,,
593,2025-01-08T06:57:24,PAYMENT_COMPLETED,O000113,U1378,S071,SEOUL_JONGNO,CARD,27000,3000,,
594,2025-01-08T07:03:24,STORE_ACCEPTED,O000113,U1378,S071,SEOUL_JONGNO,CARD,27000,3000,,
595,2025-01-08T07:08:24,RIDER_ASSIGNED,O000113,U1378,S071,SEOUL_JONGNO,CARD,27000,3000,R114,
596,2025-01-08T07:18:24,PICKED_UP,O000113,U1378,S071,SEOUL_JONGNO,CARD,27000,3000,R114,
597,2025-01-08T07:29:24,DELIVERY_COMPLETED,O000113,U1378,S071,SEOUL_JONGNO,CARD,27000,3000,R114,
76,2025-01-08T12:05:12,ORDER_CREATED,O000014,U1101,S016,SEOUL_YEONGDEUNGPO,KAKAO_PAY,29000,2000,,
77,2025-01-08T12:06:12,PAYMENT_COMPLETED,O000014,U1101,S016,SEOUL_YEONGDEUNGPO,KAKAO_PAY,29000,2000,,
78,2025-01-08T12:14:12,STORE_ACCEPTED,O000014,U1101,S016,SEOUL_YEONGDEUNGPO,KAKAO_PAY,29000,2000,,
79,2025-01-08T12:22:12,RIDER_ASSIGNED,O000014,U1101,S016,SEOUL_YEONGDEUNGPO,KAKAO_PAY,29000,2000,R143,
848,2025-01-08T17:13:13,ORDER_CREATED,O000163,U1279,S073,SEOUL_SEONGSU,CARD,18000,3000,,
849,2025-01-08T17:15:13,PAYMENT_COMPLETED,O000163,U1279,S073,SEOUL_SEONGSU,CARD,18000,3000,,
850,2025-01-08T17:17:13,STORE_ACCEPTED,O000163,U1279,S073,SEOUL_SEONGSU,CARD,18000,3000,,
125,2025-01-08T17:20:39,ORDER_CREATED,O000026,U1176,S100,SEOUL_MAPO,CARD,37000,3000,,
126,2025-01-08T17:20:39,PAYMENT_COMPLETED,O000026,U1176,S100,SEOUL_MAPO,CARD,37000,3000,,
851,2025-01-08T17:24:13,ORDER_CANCELLED,O000163,U1279,S073,SEOUL_SEONGSU,CARD,18000,3000,,LATE_DELIVERY
127,2025-01-08T17:27:39,STORE_ACCEPTED,O000026,U1176,S100,SEOUL_MAPO,CARD,37000,3000,,
128,2025-01-08T17:32:39,RIDER_ASSIGNED,O000026,U1176,S100,SEOUL_MAPO,CARD,37000,3000,R195,
129,2025-01-08T17:40:39,PICKED_UP,O000026,U1176,S100,SEOUL_MAPO,CARD,37000,3000,R195,
130,2025-01-08T17:50:39,DELIVERY_COMPLETED,O000026,U1176,S100,SEOUL_MAPO,CARD,37000,3000,R195,
631,2025-01-08T18:45:13,ORDER_CREATED,O000120,U0150,S109,SEOUL_SEONGSU,CARD,27000,5000,,
632,2025-01-08T18:45:13,PAYMENT_COMPLETED,O000120,U0150,S109,SEOUL_SEONGSU,CARD,27000,5000,,
633,2025-01-08T18:48:13,STORE_ACCEPTED,O000120,U0150,S109,SEOUL_SEONGSU,CARD,27000,5000,,
634,2025-01-08T19:06:13,RIDER_ASSIGNED,O000120,U0150,S109,SEOUL_SEONGSU,CARD,27000,5000,R158,
635,2025-01-08T19:22:13,PICKED_UP,O000120,U0150,S109,SEOUL_SEONGSU,CARD,27000,5000,R158,
762,2025-01-08T20:00:34,ORDER_CREATED,O000144,U1420,S100,SEOUL_JAMSIL,NAVER_PAY,30000,4000,,
763,2025-01-08T20:02:34,PAYMENT_COMPLETED,O000144,U1420,S100,SEOUL_JAMSIL,NAVER_PAY,30000,4000,,
636,2025-01-08T20:04:13,DELIVERY_COMPLETED,O000120,U0150,S109,SEOUL_SEONGSU,CARD,27000,5000,R158,
764,2025-01-08T20:09:34,STORE_ACCEPTED,O000144,U1420,S100,SEOUL_JAMSIL,NAVER_PAY,30000,4000,,
765,2025-01-08T20:14:34,RIDER_ASSIGNED,O000144,U1420,S100,SEOUL_JAMSIL,NAVER_PAY,30000,4000,R106,
766,2025-01-08T20:25:34,PICKED_UP,O000144,U1420,S100,SEOUL_JAMSIL,NAVER_PAY,30000,4000,R106,
767,2025-01-08T20:56:34,DELIVERY_COMPLETED,O000144,U1420,S100,SEOUL_JAMSIL,NAVER_PAY,30000,4000,R106,
459,2025-01-08T21:59:25,ORDER_CREATED,O000088,U0446,S110,SEOUL_JONGNO,NAVER_PAY,17000,3000,,
460,2025-01-08T22:00:25,PAYMENT_COMPLETED,O000088,U0446,S110,SEOUL_JONGNO,NAVER_PAY,17000,3000,,
461,2025-01-08T22:02:25,STORE_ACCEPTED,O000088,U0446,S110,SEOUL_JONGNO,NAVER_PAY,17000,3000,,
462,2025-01-08T22:04:25,RIDER_ASSIGNED,O000088,U0446,S110,SEOUL_JONGNO,NAVER_PAY,17000,3000,R064,
463,2025-01-08T22:11:25,PICKED_UP,O000088,U0446,S110,SEOUL_JONGNO,NAVER_PAY,17000,3000,R064,
464,2025-01-08T22:46:25,DELIVERY_COMPLETED,O000088,U0446,S110,SEOUL_JONGNO,NAVER_PAY,17000,3000,R064,
818,2025-01-09T03:47:09,ORDER_CREATED,O000156,U0587,S094,SEOUL_YEONGDEUNGPO,CARD,21000,2000,,
819,2025-01-09T03:47:09,PAYMENT_COMPLETED,O000156,U0587,S094,SEOUL_YEONGDEUNGPO,CARD,21000,2000,,
820,2025-01-09T03:50:09,ORDER_CANCELLED,O000156,U0587,S094,SEOUL_YEONGDEUNGPO,CARD,21000,2000,,PAYMENT_FAILED
245,2025-01-09T05:09:30,ORDER_CREATED,O000048,U0972,S072,SEOUL_JONGNO,NAVER_PAY,28000,1000,,
246,2025-01-09T05:10:30,PAYMENT_COMPLETED,O000048,U0972,S072,SEOUL_JONGNO,NAVER_PAY,28000,1000,,
247,2025-01-09T05:16:30,STORE_ACCEPTED,O000048,U0972,S072,SEOUL_JONGNO,NAVER_PAY,28000,1000,,
248,2025-01-09T05:24:30,RIDER_ASSIGNED,O000048,U0972,S072,SEOUL_JONGNO,NAVER_PAY,28000,1000,R200,
249,2025-01-09T05:42:30,PICKED_UP,O000048,U0972,S072,SEOUL_JONGNO,NAVER_PAY,28000,1000,R200,
841,2025-01-09T05:57:20,ORDER_CREATED,O000161,U0522,S049,SEOUL_JONGNO,KAKAO_PAY,37000,4000,,
842,2025-01-09T05:57:20,PAYMENT_COMPLETED,O000161,U0522,S049,SEOUL_JONGNO,KAKAO_PAY,37000,4000,,
250,2025-01-09T06:00:30,DELIVERY_COMPLETED,O000048,U0972,S072,SEOUL_JONGNO,NAVER_PAY,28000,1000,R200,
843,2025-01-09T06:03:20,STORE_ACCEPTED,O000161,U0522,S049,SEOUL_JONGNO,KAKAO_PAY,37000,4000,,
864,2025-01-09T10:05:25,ORDER_CREATED,O000166,U1254,S016,SEOUL_MAPO,NAVER_PAY,41000,2000,,
865,2025-01-09T10:06:25,PAYMENT_COMPLETED,O000166,U1254,S016,SEOUL_MAPO,NAVER_PAY,41000,2000,,
866,2025-01-09T10:10:25,STORE_ACCEPTED,O000166,U1254,S016,SEOUL_MAPO,NAVER_PAY,41000,2000,,
867,2025-01-09T10:16:25,RIDER_ASSIGNED,O000166,U1254,S016,SEOUL_MAPO,NAVER_PAY,41000,2000,R168,
868,2025-01-09T10:26:25,PICKED_UP,O000166,U1254,S016,SEOUL_MAPO,NAVER_PAY,41000,2000,R168,
295,2025-01-09T10:47:59,ORDER_CREATED,O000059,U1129,S014,SEOUL_SEONGSU,KAKAO_PAY,11000,2000,,
869,2025-01-09T10:48:25,DELIVERY_COMPLETED,O000166,U1254,S016,SEOUL_MAPO,NAVER_PAY,41000,2000,R168,
296,2025-01-09T10:49:59,PAYMENT_COMPLETED,O000059,U1129,S014,SEOUL_SEONGSU,KAKAO_PAY,11000,2000,,
297,2025-01-09T10:53:59,STORE_ACCEPTED,O000059,U1129,S014,SEOUL_SEONGSU,KAKAO_PAY,11000,2000,,
298,2025-01-09T10:55:59,RIDER_ASSIGNED,O000059,U1129,S014,SEOUL_SEONGSU,KAKAO_PAY,11000,2000,R113,
400,2025-01-09T11:01:33,ORDER_CREATED,O000077,U0167,S112,SEOUL_JAMSIL,KAKAO_PAY,24000,3000,,
401,2025-01-09T11:03:33,PAYMENT_COMPLETED,O000077,U0167,S112,SEOUL_JAMSIL,KAKAO_PAY,24000,3000,,
299,2025-01-09T11:06:59,PICKED_UP,O000059,U1129,S014,SEOUL_SEONGSU,KAKAO_PAY,11000,2000,R113,
402,2025-01-09T11:07:33,ORDER_CANCELLED,O000077,U0167,S112,SEOUL_JAMSIL,KAKAO_PAY,24000,3000,,USER_CHANGED_MIND
300,2025-01-09T11:17:59,DELIVERY_COMPLETED,O000059,U1129,S014,SEOUL_SEONGSU,KAKAO_PAY,11000,2000,R113,
279,2025-01-09T11:47:24,ORDER_CREATED,O000055,U1432,S044,SEOUL_YEONGDEUNGPO,CASH,44000,4000,,
280,2025-01-09T11:55:24,ORDER_CANCELLED,O000055,U1432,S044,SEOUL_YEONGDEUNGPO,CASH,44000,4000,,USER_CHANGED_MIND
519,2025-01-09T17:22:26,ORDER_CREATED,O000098,U1057,S105,SEOUL_JAMSIL,KAKAO_PAY,13000,3000,,
520,2025-01-09T17:24:26,PAYMENT_COMPLETED,O000098,U1057,S105,SEOUL_JAMSIL,KAKAO_PAY,13000,3000,,
521,2025-01-09T17:32:26,STORE_ACCEPTED,O000098,U1057,S105,SEOUL_JAMSIL,KAKAO_PAY,13000,3000,,
522,2025-01-09T17:35:26,RIDER_ASSIGNED,O000098,U1057,S105,SEOUL_JAMSIL,KAKAO_PAY,13000,3000,R107,
523,2025-01-09T17:47:26,PICKED_UP,O000098,U1057,S105,SEOUL_JAMSIL,KAKAO_PAY,13000,3000,R107,
756,2025-01-09T19:38:05,ORDER_CREATED,O000143,U1099,S089,SEOUL_GANGNAM,CARD,28000,4000,,
757,2025-01-09T19:38:05,PAYMENT_COMPLETED,O000143,U1099,S089,SEOUL_GANGNAM,CARD,28000,4000,,
758,2025-01-09T19:41:05,STORE_ACCEPTED,O000143,U1099,S089,SEOUL_GANGNAM,CARD,28000,4000,,
759,2025-01-09T19:49:05,RIDER_ASSIGNED,O000143,U1099,S089,SEOUL_GANGNAM,CARD,28000,4000,R187,
95,2025-01-09T19:59:52,ORDER_CREATED,O000020,U1392,S019,SEOUL_GANGNAM,CARD,26000,3000,,
96,2025-01-09T20:00:52,PAYMENT_COMPLETED,O000020,U1392,S019,SEOUL_GANGNAM,CARD,26000,3000,,
97,2025-01-09T20:01:52,ORDER_CANCELLED,O000020,U1392,S019,SEOUL_GANGNAM,CARD,26000,3000,,USER_CHANGED_MIND
760,2025-01-09T20:12:05,PICKED_UP,O000143,U1099,S089,SEOUL_GANGNAM,CARD,28000,4000,R187,
761,2025-01-09T20:45:05,DELIVERY_COMPLETED,O000143,U1099,S089,SEOUL_GANGNAM,CARD,28000,4000,R187,
91,2025-01-09T20:59:55,ORDER_CREATED,O000019,U0557,S009,SEOUL_MAPO,CARD,30000,2000,,
92,2025-01-09T20:59:55,PAYMENT_COMPLETED,O000019,U0557,S009,SEOUL_MAPO,CARD,30000,2000,,
93,2025-01-09T21:01:55,STORE_ACCEPTED,O000019,U0557,S009,SEOUL_MAPO,CARD,30000,2000,,
94,2025-01-09T21:13:55,ORDER_CANCELLED,O000019,U0557,S009,SEOUL_MAPO,CARD,30000,2000,,STORE_REJECTED
1037,2025-01-10T02:19:47,ORDER_CREATED,O000199,U1149,S072,SEOUL_YEONGDEUNGPO,KAKAO_PAY,25000,4000,,
1038,2025-01-10T02:21:47,PAYMENT_COMPLETED,O000199,U1149,S072,SEOUL_YEONGDEUNGPO,KAKAO_PAY,25000,4000,,
1039,2025-01-10T02:22:47,STORE_ACCEPTED,O000199,U1149,S072,SEOUL_YEONGDEUNGPO,KAKAO_PAY,25000,4000,,
1040,2025-01-10T02:31:47,RIDER_ASSIGNED,O000199,U1149,S072,SEOUL_YEONGDEUNGPO,KAKAO_PAY,25000,4000,R150,
1041,2025-01-10T02:50:47,PICKED_UP,O000199,U1149,S072,SEOUL_YEONGDEUNGPO,KAKAO_PAY,25000,4000,R150,
1042,2025-01-10T03:11:47,DELIVERY_COMPLETED,O000199,U1149,S072,SEOUL_YEONGDEUNGPO,KAKAO_PAY,25000,4000,R150,
870,2025-01-10T04:38:32,ORDER_CREATED,O000167,U0091,S017,SEOUL_SEONGSU,CARD,32000,3000,,
871,2025-01-10T04:40:32,PAYMENT_COMPLETED,O000167,U0091,S017,SEOUL_SEONGSU,CARD,32000,3000,,
872,2025-01-10T04:48:32,STORE_ACCEPTED,O000167,U0091,S017,SEOUL_SEONGSU,CARD,32000,3000,,
873,2025-01-10T04:56:32,RIDER_ASSIGNED,O000167,U0091,S017,SEOUL_SEONGSU,CARD,32000,3000,R057,
874,2025-01-10T05:06:32,PICKED_UP,O000167,U0091,S017,SEOUL_SEONGSU,CARD,32000,3000,R057,
875,2025-01-10T05:26:32,DELIVERY_COMPLETED,O000167,U0091,S017,SEOUL_SEONGSU,CARD,32000,3000,R057,
331,2025-01-10T06:34:58,ORDER_CREATED,O000065,U1163,S093,SEOUL_GANGNAM,NAVER_PAY,25000,2000,,
332,2025-01-10T06:34:58,PAYMENT_COMPLETED,O000065,U1163,S093,SEOUL_GANGNAM,NAVER_PAY,25000,2000,,
333,2025-01-10T06:35:58,STORE_ACCEPTED,O000065,U1163,S093,SEOUL_GANGNAM,NAVER_PAY,25000,2000,,
334,2025-01-10T06:43:58,RIDER_ASSIGNED,O000065,U1163,S093,SEOUL_GANGNAM,NAVER_PAY,25000,2000,R001,
335,2025-01-10T06:50:58,PICKED_UP,O000065,U1163,S093,SEOUL_GANGNAM,NAVER_PAY,25000,2000,R001,
336,2025-01-10T07:07:58,DELIVERY_COMPLETED,O000065,U1163,S093,SEOUL_GANGNAM,NAVER_PAY,25000,2000,R001,
228,2025-01-10T15:04:56,ORDER_CREATED,O000045,U0136,S087,SEOUL_GANGNAM,NAVER_PAY,31000,1000,,
229,2025-01-10T15:06:56,PAYMENT_COMPLETED,O000045,U0136,S087,SEOUL_GANGNAM,NAVER_PAY,31000,1000,,
230,2025-01-10T15:09:56,STORE_ACCEPTED,O000045,U0136,S087,SEOUL_GANGNAM,NAVER_PAY,31000,1000,,
231,2025-01-10T15:13:56,RIDER_ASSIGNED,O000045,U0136,S087,SEOUL_GANGNAM,NAVER_PAY,31000,1000,R075,
812,2025-01-10T15:20:45,ORDER_CREATED,O000155,U0914,S020,SEOUL_YEONGDEUNGPO,NAVER_PAY,30000,4000,,
813,2025-01-10T15:21:45,PAYMENT_COMPLETED,O000155,U0914,S020,SEOUL_YEONGDEUNGPO,NAVER_PAY,30000,4000,,
232,2025-01-10T15:24:56,PICKED_UP,O000045,U0136,S087,SEOUL_GANGNAM,NAVER_PAY,31000,1000,R075,
814,2025-01-10T15:26:45,STORE_ACCEPTED,O000155,U0914,S020,SEOUL_YEONGDEUNGPO,NAVER_PAY,30000,4000,,
815,2025-01-10T15:27:45,RIDER_ASSIGNED,O000155,U0914,S020,SEOUL_YEONGDEUNGPO,NAVER_PAY,30000,4000,R066,
816,2025-01-10T15:32:45,PICKED_UP,O000155,U0914,S020,SEOUL_YEONGDEUNGPO,NAVER_PAY,30000,4000,R066,
233,2025-01-10T15:47:56,DELIVERY_COMPLETED,O000045,U0136,S087,SEOUL_GANGNAM,NAVER_PAY,31000,1000,R075,
817,2025-01-10T16:01:45,DELIVERY_COMPLETED,O000155,U0914,S020,SEOUL_YEONGDEUNGPO,NAVER_PAY,30000,4000,R066,
792,2025-01-10T17:51:16,ORDER_CREATED,O000150,U0506,S010,SEOUL_YEONGDEUNGPO,CARD,23000,2000,,
793,2025-01-10T17:59:16,ORDER_CANCELLED,O000150,U0506,S010,SEOUL_YEONGDEUNGPO,CARD,23000,2000,,USER_CHANGED_MIND
170,2025-01-10T20:44:19,ORDER_CREATED,O000035,U0427,S104,SEOUL_MAPO,KAKAO_PAY,39000,3000,,
171,2025-01-10T20:44:19,PAYMENT_COMPLETED,O000035,U0427,S104,SEOUL_MAPO,KAKAO_PAY,39000,3000,,
172,2025-01-10T20:45:19,STORE_ACCEPTED,O000035,U0427,S104,SEOUL_MAPO,KAKAO_PAY,39000,3000,,
477,2025-01-10T20:48:34,ORDER_CREATED,O000091,U1309,S019,SEOUL_SEONGSU,KAKAO_PAY,26000,3000,,
478,2025-01-10T20:48:34,PAYMENT_COMPLETED,O000091,U1309,S019,SEOUL_SEONGSU,KAKAO_PAY,26000,3000,,
173,2025-01-10T20:53:19,RIDER_ASSIGNED,O000035,U0427,S104,SEOUL_MAPO,KAKAO_PAY,39000,3000,R062,
479,2025-01-10T20:56:34,STORE_ACCEPTED,O000091,U1309,S019,SEOUL_SEONGSU,KAKAO_PAY,26000,3000,,
480,2025-01-10T21:00:34,RIDER_ASSIGNED,O000091,U1309,S019,SEOUL_SEONGSU,KAKAO_PAY,26000,3000,R027,
174,2025-01-10T21:03:19,PICKED_UP,O000035,U0427,S104,SEOUL_MAPO,KAKAO_PAY,39000,3000,R062,
481,2025-01-10T21:13:34,PICKED_UP,O000091,U1309,S019,SEOUL_SEONGSU,KAKAO_PAY,26000,3000,R027,
482,2025-01-10T21:29:34,DELIVERY_COMPLETED,O000091,U1309,S019,SEOUL_SEONGSU,KAKAO_PAY,26000,3000,R027,
175,2025-01-10T21:37:19,DELIVERY_COMPLETED,O000035,U0427,S104,SEOUL_MAPO,KAKAO_PAY,39000,3000,R062,
750,2025-01-11T10:31:56,ORDER_CREATED,O000142,U1102,S071,SEOUL_JAMSIL,NAVER_PAY,27000,4000,,
751,2025-01-11T10:31:56,PAYMENT_COMPLETED,O000142,U1102,S071,SEOUL_JAMSIL,NAVER_PAY,27000,4000,,
752,2025-01-11T10:34:56,STORE_ACCEPTED,O000142,U1102,S071,SEOUL_JAMSIL,NAVER_PAY,27000,4000,,
753,2025-01-11T10:36:56,RIDER_ASSIGNED,O000142,U1102,S071,SEOUL_JAMSIL,NAVER_PAY,27000,4000,R067,
754,2025-01-11T10:41:56,PICKED_UP,O000142,U1102,S071,SEOUL_JAMSIL,NAVER_PAY,27000,4000,R067,
755,2025-01-11T10:53:56,DELIVERY_COMPLETED,O000142,U1102,S071,SEOUL_JAMSIL,NAVER_PAY,27000,4000,R067,
683,2025-01-11T11:22:23,ORDER_CREATED,O000130,U0768,S011,SEOUL_GANGNAM,CASH,28000,3000,,
684,2025-01-11T11:24:23,PAYMENT_COMPLETED,O000130,U0768,S011,SEOUL_GANGNAM,CASH,28000,3000,,
685,2025-01-11T11:25:23,STORE_ACCEPTED,O000130,U0768,S011,SEOUL_GANGNAM,CASH,28000,3000,,
686,2025-01-11T11:28:23,RIDER_ASSIGNED,O000130,U0768,S011,SEOUL_GANGNAM,CASH,28000,3000,R092,
687,2025-01-11T11:36:23,PICKED_UP,O000130,U0768,S011,SEOUL_GANGNAM,CASH,28000,3000,R092,
688,2025-01-11T11:59:23,DELIVERY_COMPLETED,O000130,U0768,S011,SEOUL_GANGNAM,CASH,28000,3000,R092,
882,2025-01-11T15:11:03,ORDER_CREATED,O000169,U0979,S009,SEOUL_GANGNAM,CARD,33000,0,,
883,2025-01-11T15:11:03,PAYMENT_COMPLETED,O000169,U0979,S009,SEOUL_GANGNAM,CARD,33000,0,,
884,2025-01-11T15:12:03,STORE_ACCEPTED,O000169,U0979,S009,SEOUL_GANGNAM,CARD,33000,0,,
885,2025-01-11T15:21:03,RIDER_ASSIGNED,O000169,U0979,S009,SEOUL_GANGNAM,CARD,33000,0,R088,
886,2025-01-11T15:34:03,PICKED_UP,O000169,U0979,S009,SEOUL_GANGNAM,CARD,33000,0,R088,
887,2025-01-11T15:50:03,DELIVERY_COMPLETED,O000169,U0979,S009,SEOUL_GANGNAM,CARD,33000,0,R088,
507,2025-01-12T01:07:10,ORDER_CREATED,O000096,U1391,S061,SEOUL_JAMSIL,CARD,35000,2000,,
508,2025-01-12T01:08:10,PAYMENT_COMPLETED,O000096,U1391,S061,SEOUL_JAMSIL,CARD,35000,2000,,
509,2025-01-12T01:12:10,STORE_ACCEPTED,O000096,U1391,S061,SEOUL_JAMSIL,CARD,35000,2000,,
510,2025-01-12T01:22:10,RIDER_ASSIGNED,O000096,U1391,S061,SEOUL_JAMSIL,CARD,35000,2000,R136,
511,2025-01-12T01:28:10,PICKED_UP,O000096,U1391,S061,SEOUL_JAMSIL,CARD,35000,2000,R136,
512,2025-01-12T01:51:10,DELIVERY_COMPLETED,O000096,U1391,S061,SEOUL_JAMSIL,CARD,35000,2000,R136,
61,2025-01-12T04:20:31,ORDER_CREATED,O000011,U0905,S077,SEOUL_SEONGSU,KAKAO_PAY,28000,3000,,
62,2025-01-12T04:20:31,PAYMENT_COMPLETED,O000011,U0905,S077,SEOUL_SEONGSU,KAKAO_PAY,28000,3000,,
63,2025-01-12T04:22:31,STORE_ACCEPTED,O000011,U0905,S077,SEOUL_SEONGSU,KAKAO_PAY,28000,3000,,
64,2025-01-12T04:28:31,RIDER_ASSIGNED,O000011,U0905,S077,SEOUL_SEONGSU,KAKAO_PAY,28000,3000,R175,
65,2025-01-12T04:33:31,PICKED_UP,O000011,U0905,S077,SEOUL_SEONGSU,KAKAO_PAY,28000,3000,R175,
655,2025-01-12T04:44:03,ORDER_CREATED,O000124,U0644,S105,SEOUL_JAMSIL,KAKAO_PAY,25000,1000,,
656,2025-01-12T04:44:03,PAYMENT_COMPLETED,O000124,U0644,S105,SEOUL_JAMSIL,KAKAO_PAY,25000,1000,,
66,2025-01-12T04:45:31,DELIVERY_COMPLETED,O000011,U0905,S077,SEOUL_SEONGSU,KAKAO_PAY,28000,3000,R175,
657,2025-01-12T04:48:03,STORE_ACCEPTED,O000124,U0644,S105,SEOUL_JAMSIL,KAKAO_PAY,25000,1000,,
658,2025-01-12T04:58:03,RIDER_ASSIGNED,O000124,U0644,S105,SEOUL_JAMSIL,KAKAO_PAY,25000,1000,R091,
435,2025-01-12T12:38:37,ORDER_CREATED,O000084,U0427,S090,SEOUL_JAMSIL,NAVER_PAY,37000,4000,,
436,2025-01-12T12:38:37,PAYMENT_COMPLETED,O000084,U0427,S090,SEOUL_JAMSIL,NAVER_PAY,37000,4000,,
437,2025-01-12T12:50:37,STORE_ACCEPTED,O000084,U0427,S090,SEOUL_JAMSIL,NAVER_PAY,37000,4000,,
438,2025-01-12T12:56:37,RIDER_ASSIGNED,O000084,U0427,S090,SEOUL_JAMSIL,NAVER_PAY,37000,4000,R122,
439,2025-01-12T13:19:37,PICKED_UP,O000084,U0427,S090,SEOUL_JAMSIL,NAVER_PAY,37000,4000,R122,
440,2025-01-12T13:35:37,DELIVERY_COMPLETED,O000084,U0427,S090,SEOUL_JAMSIL,NAVER_PAY,37000,4000,R122,
576,2025-01-12T19:22:47,ORDER_CREATED,O000109,U1054,S117,SEOUL_JONGNO,NAVER_PAY,34000,3000,,
577,2025-01-12T19:23:47,PAYMENT_COMPLETED,O000109,U1054,S117,SEOUL_JONGNO,NAVER_PAY,34000,3000,,
578,2025-01-12T19:37:47,STORE_ACCEPTED,O000109,U1054,S117,SEOUL_JONGNO,NAVER_PAY,34000,3000,,
579,2025-01-12T19:44:47,RIDER_ASSIGNED,O000109,U1054,S117,SEOUL_JONGNO,NAVER_PAY,34000,3000,R077,
580,2025-01-12T19:59:47,PICKED_UP,O000109,U1054,S117,SEOUL_JONGNO,NAVER_PAY,34000,3000,R077,
581,2025-01-12T20:34:47,DELIVERY_COMPLETED,O000109,U1054,S117,SEOUL_JONGNO,NAVER_PAY,34000,3000,R077,
999,2025-01-13T00:42:07,ORDER_CREATED,O000192,U1189,S011,SEOUL_YEONGDEUNGPO,KAKAO_PAY,29000,3000,,
1000,2025-01-13T00:49:07,ORDER_CANCELLED,O000192,U1189,S011,SEOUL_YEONGDEUNGPO,KAKAO_PAY,29000,3000,,USER_CHANGED_MIND
43,2025-01-13T09:35:46,ORDER_CREATED,O000008,U0136,S102,SEOUL_YEONGDEUNGPO,KAKAO_PAY,29000,2000,,
44,2025-01-13T09:37:46,PAYMENT_COMPLETED,O000008,U0136,S102,SEOUL_YEONGDEUNGPO,KAKAO_PAY,29000,2000,,
45,2025-01-13T09:45:46,STORE_ACCEPTED,O000008,U0136,S102,SEOUL_YEONGDEUNGPO,KAKAO_PAY,29000,2000,,
46,2025-01-13T09:46:46,RIDER_ASSIGNED,O000008,U0136,S102,SEOUL_YEONGDEUNGPO,KAKAO_PAY,29000,2000,R071,
47,2025-01-13T10:01:46,PICKED_UP,O000008,U0136,S102,SEOUL_YEONGDEUNGPO,KAKAO_PAY,29000,2000,R071,
48,2025-01-13T10:11:46,DELIVERY_COMPLETED,O000008,U0136,S102,SEOUL_YEONGDEUNGPO,KAKAO_PAY,29000,2000,R071,
355,2025-01-13T11:35:05,ORDER_CREATED,O000069,U0646,S059,SEOUL_SEONGSU,NAVER_PAY,30000,2000,,
356,2025-01-13T11:36:05,PAYMENT_COMPLETED,O000069,U0646,S059,SEOUL_SEONGSU,NAVER_PAY,30000,2000,,
357,2025-01-13T11:44:05,STORE_ACCEPTED,O000069,U0646,S059,SEOUL_SEONGSU,NAVER_PAY,30000,2000,,
358,2025-01-13T11:52:05,RIDER_ASSIGNED,O000069,U0646,S059,SEOUL_SEONGSU,NAVER_PAY,30000,2000,R161,
359,2025-01-13T12:00:05,PICKED_UP,O000069,U0646,S059,SEOUL_SEONGSU,NAVER_PAY,30000,2000,R161,
360,2025-01-13T12:40:05,DELIVERY_COMPLETED,O000069,U0646,S059,SEOUL_SEONGSU,NAVER_PAY,30000,2000,R161,
671,2025-01-13T20:36:35,ORDER_CREATED,O000127,U0189,S083,SEOUL_YEONGDEUNGPO,KAKAO_PAY,27000,3000,,
672,2025-01-13T20:38:35,PAYMENT_COMPLETED,O000127,U0189,S083,SEOUL_YEONGDEUNGPO,KAKAO_PAY,27000,3000,,
673,2025-01-13T20:43:35,STORE_ACCEPTED,O000127,U0189,S083,SEOUL_YEONGDEUNGPO,KAKAO_PAY,27000,3000,,
674,2025-01-13T20:52:35,RIDER_ASSIGNED,O000127,U0189,S083,SEOUL_YEONGDEUNGPO,KAKAO_PAY,27000,3000,R106,
675,2025-01-13T21:09:35,ORDER_CANCELLED,O000127,U0189,S083,SEOUL_YEONGDEUNGPO,KAKAO_PAY,27000,3000,R106,LATE_DELIVERY
524,2025-01-14T00:41:32,ORDER_CREATED,O000099,U0853,S098,SEOUL_GANGNAM,NAVER_PAY,18000,4000,,
525,2025-01-14T00:43:32,PAYMENT_COMPLETED,O000099,U0853,S098,SEOUL_GANGNAM,NAVER_PAY,18000,4000,,
526,2025-01-14T00:45:32,STORE_ACCEPTED,O000099,U0853,S098,SEOUL_GANGNAM,NAVER_PAY,18000,4000,,
527,2025-01-14T00:53:32,RIDER_ASSIGNED,O000099,U0853,S098,SEOUL_GANGNAM,NAVER_PAY,18000,4000,R103,
270,2025-01-14T02:59:56,ORDER_CREATED,O000053,U0399,S054,SEOUL_JONGNO,CARD,31000,2000,,
271,2025-01-14T03:01:56,PAYMENT_COMPLETED,O000053,U0399,S054,SEOUL_JONGNO,CARD,31000,2000,,
272,2025-01-14T03:07:56,STORE_ACCEPTED,O000053,U0399,S054,SEOUL_JONGNO,CARD,31000,2000,,
273,2025-01-14T03:16:56,RIDER_ASSIGNED,O000053,U0399,S054,SEOUL_JONGNO,CARD,31000,2000,R086,
274,2025-01-14T03:30:56,PICKED_UP,O000053,U0399,S054,SEOUL_JONGNO,CARD,31000,2000,R086,
275,2025-01-14T04:00:56,DELIVERY_COMPLETED,O000053,U0399,S054,SEOUL_JONGNO,CARD,31000,2000,R086,
738,2025-01-14T05:14:45,ORDER_CREATED,O000140,U0943,S069,SEOUL_GANGNAM,CARD,17000,3000,,
739,2025-01-14T05:16:45,PAYMENT_COMPLETED,O000140,U0943,S069,SEOUL_GANGNAM,CARD,17000,3000,,
740,2025-01-14T05:23:45,STORE_ACCEPTED,O000140,U0943,S069,SEOUL_GANGNAM,CARD,17000,3000,,
909,2025-01-14T05:28:52,ORDER_CREATED,O000174,U1100,S087,SEOUL_YEONGDEUNGPO,KAKAO_PAY,22000,4000,,
910,2025-01-14T05:28:52,PAYMENT_COMPLETED,O000174,U1100,S087,SEOUL_YEONGDEUNGPO,KAKAO_PAY,22000,4000,,
911,2025-01-14T05:32:52,STORE_ACCEPTED,O000174,U1100,S087,SEOUL_YEONGDEUNGPO,KAKAO_PAY,22000,4000,,
741,2025-01-14T05:33:45,RIDER_ASSIGNED,O000140,U0943,S069,SEOUL_GANGNAM,CARD,17000,3000,R155,
912,2025-01-14T05:34:52,RIDER_ASSIGNED,O000174,U1100,S087,SEOUL_YEONGDEUNGPO,KAKAO_PAY,22000,4000,R002,
742,2025-01-14T05:47:45,PICKED_UP,O000140,U0943,S069,SEOUL_GANGNAM,CARD,17000,3000,R155,
913,2025-01-14T05:47:52,PICKED_UP,O000174,U1100,S087,SEOUL_YEONGDEUNGPO,KAKAO_PAY,22000,4000,R002,
914,2025-01-14T06:03:52,DELIVERY_COMPLETED,O000174,U1100,S087,SEOUL_YEONGDEUNGPO,KAKAO_PAY,22000,4000,R002,
743,2025-01-14T06:15:45,DELIVERY_COMPLETED,O000140,U0943,S069,SEOUL_GANGNAM,CARD,17000,3000,R155,
325,2025-01-14T09:33:19,ORDER_CREATED,O000064,U0290,S005,SEOUL_MAPO,CARD,32000,2000,,
326,2025-01-14T09:34:19,PAYMENT_COMPLETED,O000064,U0290,S005,SEOUL_MAPO,CARD,32000,2000,,
327,2025-01-14T09:38:19,STORE_ACCEPTED,O000064,U0290,S005,SEOUL_MAPO,CARD,32000,2000,,
328,2025-01-14T09:45:19,RIDER_ASSIGNED,O000064,U0290,S005,SEOUL_MAPO,CARD,32000,2000,R181,
329,2025-01-14T09:54:19,PICKED_UP,O000064,U0290,S005,SEOUL_MAPO,CARD,32000,2000,R181,
330,2025-01-14T10:05:19,DELIVERY_COMPLETED,O000064,U0290,S005,SEOUL_MAPO,CARD,32000,2000,R181,
732,2025-01-14T11:50:21,ORDER_CREATED,O000139,U0524,S043,SEOUL_YEONGDEUNGPO,KAKAO_PAY,19000,5000,,
733,2025-01-14T11:52:21,PAYMENT_COMPLETED,O000139,U0524,S043,SEOUL_YEONGDEUNGPO,KAKAO_PAY,19000,5000,,
734,2025-01-14T12:04:21,STORE_ACCEPTED,O000139,U0524,S043,SEOUL_YEONGDEUNGPO,KAKAO_PAY,19000,5000,,
735,2025-01-14T12:11:21,RIDER_ASSIGNED,O000139,U0524,S043,SEOUL_YEONGDEUNGPO,KAKAO_PAY,19000,5000,R159,
736,2025-01-14T12:36:21,PICKED_UP,O000139,U0524,S043,SEOUL_YEONGDEUNGPO,KAKAO_PAY,19000,5000,R159,
737,2025-01-14T12:55:21,DELIVERY_COMPLETED,O000139,U0524,S043,SEOUL_YEONGDEUNGPO,KAKAO_PAY,19000,5000,R159,
119,2025-01-14T17:39:05,ORDER_CREATED,O000025,U0826,S005,SEOUL_SEONGSU,KAKAO_PAY,27000,2000,,
120,2025-01-14T17:41:05,PAYMENT_COMPLETED,O000025,U0826,S005,SEOUL_SEONGSU,KAKAO_PAY,27000,2000,,
121,2025-01-14T17:43:05,STORE_ACCEPTED,O000025,U0826,S005,SEOUL_SEONGSU,KAKAO_PAY,27000,2000,,
122,2025-01-14T17:49:05,RIDER_ASSIGNED,O000025,U0826,S005,SEOUL_SEONGSU,KAKAO_PAY,27000,2000,R012,
123,2025-01-14T18:06:05,PICKED_UP,O000025,U0826,S005,SEOUL_SEONGSU,KAKAO_PAY,27000,2000,R012,
124,2025-01-14T18:32:05,DELIVERY_COMPLETED,O000025,U0826,S005,SEOUL_SEONGSU,KAKAO_PAY,27000,2000,R012,
101,2025-01-14T22:15:44,ORDER_CREATED,O000022,U1247,S057,SEOUL_GANGNAM,KAKAO_PAY,26000,4000,,
102,2025-01-14T22:16:44,PAYMENT_COMPLETED,O000022,U1247,S057,SEOUL_GANGNAM,KAKAO_PAY,26000,4000,,
103,2025-01-14T22:23:44,STORE_ACCEPTED,O000022,U1247,S057,SEOUL_GANGNAM,KAKAO_PAY,26000,4000,,
104,2025-01-14T22:30:44,RIDER_ASSIGNED,O000022,U1247,S057,SEOUL_GANGNAM,KAKAO_PAY,26000,4000,R084,
105,2025-01-14T22:50:44,PICKED_UP,O000022,U1247,S057,SEOUL_GANGNAM,KAKAO_PAY,26000,4000,R084,
106,2025-01-14T23:05:44,DELIVERY_COMPLETED,O000022,U1247,S057,SEOUL_GANGNAM,KAKAO_PAY,26000,4000,R084,
946,2025-01-14T23:16:16,ORDER_CREATED,O000181,U0139,S103,SEOUL_GANGNAM,CARD,31000,1000,,
947,2025-01-14T23:16:16,PAYMENT_COMPLETED,O000181,U0139,S103,SEOUL_GANGNAM,CARD,31000,1000,,
948,2025-01-14T23:17:16,STORE_ACCEPTED,O000181,U0139,S103,SEOUL_GANGNAM,CARD,31000,1000,,
949,2025-01-14T23:18:16,RIDER_ASSIGNED,O000181,U0139,S103,SEOUL_GANGNAM,CARD,31000,1000,R154,
200,2025-01-15T01:16:12,ORDER_CREATED,O000040,U0781,S116,SEOUL_YEONGDEUNGPO,CASH,36000,4000,,
201,2025-01-15T01:16:12,PAYMENT_COMPLETED,O000040,U0781,S116,SEOUL_YEONGDEUNGPO,CASH,36000,4000,,
202,2025-01-15T01:22:12,STORE_ACCEPTED,O000040,U0781,S116,SEOUL_YEONGDEUNGPO,CASH,36000,4000,,
203,2025-01-15T01:25:12,RIDER_ASSIGNED,O000040,U0781,S116,SEOUL_YEONGDEUNGPO,CASH,36000,4000,R115,
204,2025-01-15T01:39:12,PICKED_UP,O000040,U0781,S116,SEOUL_YEONGDEUNGPO,CASH,36000,4000,R115,
205,2025-01-15T01:50:12,DELIVERY_COMPLETED,O000040,U0781,S116,SEOUL_YEONGDEUNGPO,CASH,36000,4000,R115,
319,2025-01-15T04:53:56,ORDER_CREATED,O000063,U0320,S043,SEOUL_JAMSIL,KAKAO_PAY,26000,3000,,
320,2025-01-15T04:55:56,PAYMENT_COMPLETED,O000063,U0320,S043,SEOUL_JAMSIL,KAKAO_PAY,26000,3000,,
321,2025-01-15T05:01:56,STORE_ACCEPTED,O000063,U0320,S043,SEOUL_JAMSIL,KAKAO_PAY,26000,3000,,
322,2025-01-15T05:10:56,RIDER_ASSIGNED,O000063,U0320,S043,SEOUL_JAMSIL,KAKAO_PAY,26000,3000,R083,
323,2025-01-15T05:28:56,PICKED_UP,O000063,U0320,S043,SEOUL_JAMSIL,KAKAO_PAY,26000,3000,R083,
324,2025-01-15T06:03:56,DELIVERY_COMPLETED,O000063,U0320,S043,SEOUL_JAMSIL,KAKAO_PAY,26000,3000,R083,
935,2025-01-15T14:14:17,ORDER_CREATED,O000179,U0408,S114,SEOUL_YEONGDEUNGPO,CARD,21000,2000,,
936,2025-01-15T14:16:17,PAYMENT_COMPLETED,O000179,U0408,S114,SEOUL_YEONGDEUNGPO,CARD,21000,2000,,
937,2025-01-15T14:22:17,STORE_ACCEPTED,O000179,U0408,S114,SEOUL_YEONGDEUNGPO,CARD,21000,2000,,
938,2025-01-15T14:30:17,RIDER_ASSIGNED,O000179,U0408,S114,SEOUL_YEONGDEUNGPO,CARD,21000,2000,R093,
939,2025-01-15T14:35:17,PICKED_UP,O000179,U0408,S114,SEOUL_YEONGDEUNGPO,CARD,21000,2000,R093,
283,2025-01-15T21:21:17,ORDER_CREATED,O000057,U1139,S030,SEOUL_SEONGSU,CARD,21000,2000,,
284,2025-01-15T21:21:17,PAYMENT_COMPLETED,O000057,U1139,S030,SEOUL_SEONGSU,CARD,21000,2000,,
285,2025-01-15T21:24:17,STORE_ACCEPTED,O000057,U1139,S030,SEOUL_SEONGSU,CARD,21000,2000,,
286,2025-01-15T21:27:17,RIDER_ASSIGNED,O000057,U1139,S030,SEOUL_SEONGSU,CARD,21000,2000,R035,
287,2025-01-15T21:36:17,PICKED_UP,O000057,U1139,S030,SEOUL_SEONGSU,CARD,21000,2000,R035,
288,2025-01-15T21:47:17,DELIVERY_COMPLETED,O000057,U1139,S030,SEOUL_SEONGSU,CARD,21000,2000,R035,
768,2025-01-16T08:10:43,ORDER_CREATED,O000145,U0207,S083,SEOUL_SEONGSU,KAKAO_PAY,25000,4000,,
769,2025-01-16T08:11:43,PAYMENT_COMPLETED,O000145,U0207,S083,SEOUL_SEONGSU,KAKAO_PAY,25000,4000,,
770,2025-01-16T08:16:43,STORE_ACCEPTED,O000145,U0207,S083,SEOUL_SEONGSU,KAKAO_PAY,25000,4000,,
771,2025-01-16T08:26:43,RIDER_ASSIGNED,O000145,U0207,S083,SEOUL_SEONGSU,KAKAO_PAY,25000,4000,R121,
772,2025-01-16T08:43:43,PICKED_UP,O000145,U0207,S083,SEOUL_SEONGSU,KAKAO_PAY,25000,4000,R121,
1,2025-01-16T08:56:29,ORDER_CREATED,O000001,U0031,S066,SEOUL_GANGNAM,KAKAO_PAY,27000,3000,,
2,2025-01-16T08:58:29,PAYMENT_COMPLETED,O000001,U0031,S066,SEOUL_GANGNAM,KAKAO_PAY,27000,3000,,
3,2025-01-16T08:59:29,STORE_ACCEPTED,O000001,U0031,S066,SEOUL_GANGNAM,KAKAO_PAY,27000,3000,,
4,2025-01-16T09:07:29,RIDER_ASSIGNED,O000001,U0031,S066,SEOUL_GANGNAM,KAKAO_PAY,27000,3000,R140,
773,2025-01-16T09:18:43,DELIVERY_COMPLETED,O000145,U0207,S083,SEOUL_SEONGSU,KAKAO_PAY,25000,4000,R121,
5,2025-01-16T09:27:29,PICKED_UP,O000001,U0031,S066,SEOUL_GANGNAM,KAKAO_PAY,27000,3000,R140,
6,2025-01-16T09:38:29,DELIVERY_COMPLETED,O000001,U0031,S066,SEOUL_GANGNAM,KAKAO_PAY,27000,3000,R140,
598,2025-01-16T11:03:49,ORDER_CREATED,O000114,U0009,S111,SEOUL_JAMSIL,KAKAO_PAY,29000,3000,,
313,2025-01-16T11:05:10,ORDER_CREATED,O000062,U0244,S106,SEOUL_JONGNO,CARD,19000,3000,,
599,2025-01-16T11:05:49,PAYMENT_COMPLETED,O000114,U0009,S111,SEOUL_JAMSIL,KAKAO_PAY,29000,3000,,
314,2025-01-16T11:07:10,PAYMENT_COMPLETED,O000062,U0244,S106,SEOUL_JONGNO,CARD,19000,3000,,
600,2025-01-16T11:09:49,STORE_ACCEPTED,O000114,U0009,S111,SEOUL_JAMSIL,KAKAO_PAY,29000,3000,,
315,2025-01-16T11:10:10,STORE_ACCEPTED,O000062,U0244,S106,SEOUL_JONGNO,CARD,19000,3000,,
601,2025-01-16T11:11:49,RIDER_ASSIGNED,O000114,U0009,S111,SEOUL_JAMSIL,KAKAO_PAY,29000,3000,R150,
316,2025-01-16T11:17:10,RIDER_ASSIGNED,O000062,U0244,S106,SEOUL_JONGNO,CARD,19000,3000,R102,
602,2025-01-16T11:29:49,PICKED_UP,O000114,U0009,S111,SEOUL_JAMSIL,KAKAO_PAY,29000,3000,R150,
317,2025-01-16T11:36:10,PICKED_UP,O000062,U0244,S106,SEOUL_JONGNO,CARD,19000,3000,R102,
603,2025-01-16T11:45:49,DELIVERY_COMPLETED,O000114,U0009,S111,SEOUL_JAMSIL,KAKAO_PAY,29000,3000,R150,
318,2025-01-16T11:55:10,DELIVERY_COMPLETED,O000062,U0244,S106,SEOUL_JONGNO,CARD,19000,3000,R102,
589,2025-01-16T15:59:41,ORDER_CREATED,O000112,U0372,S059,SEOUL_JONGNO,CARD,31000,3000,,
590,2025-01-16T16:00:41,PAYMENT_COMPLETED,O000112,U0372,S059,SEOUL_JONGNO,CARD,31000,3000,,
591,2025-01-16T16:04:41,ORDER_CANCELLED,O000112,U0372,S059,SEOUL_JONGNO,CARD,31000,3000,,USER_CHANGED_MIND
839,2025-01-16T18:21:11,ORDER_CREATED,O000160,U1450,S011,SEOUL_JONGNO,NAVER_PAY,19000,4000,,
840,2025-01-16T18:31:11,ORDER_CANCELLED,O000160,U1450,S011,SEOUL_JONGNO,NAVER_PAY,19000,4000,,USER_CHANGED_MIND
708,2025-01-17T00:25:06,ORDER_CREATED,O000135,U0605,S110,SEOUL_JONGNO,CARD,28000,2000,,
709,2025-01-17T00:25:06,PAYMENT_COMPLETED,O000135,U0605,S110,SEOUL_JONGNO,CARD,28000,2000,,
710,2025-01-17T00:33:06,STORE_ACCEPTED,O000135,U0605,S110,SEOUL_JONGNO,CARD,28000,2000,,
711,2025-01-17T00:42:06,RIDER_ASSIGNED,O000135,U0605,S110,SEOUL_JONGNO,CARD,28000,2000,R090,
712,2025-01-17T00:56:06,PICKED_UP,O000135,U0605,S110,SEOUL_JONGNO,CARD,28000,2000,R090,
713,2025-01-17T01:26:06,DELIVERY_COMPLETED,O000135,U0605,S110,SEOUL_JONGNO,CARD,28000,2000,R090,
31,2025-01-17T09:02:15,ORDER_CREATED,O000006,U0588,S098,SEOUL_JONGNO,CARD,36000,4000,,
32,2025-01-17T09:04:15,PAYMENT_COMPLETED,O000006,U0588,S098,SEOUL_JONGNO,CARD,36000,4000,,
33,2025-01-17T09:08:15,STORE_ACCEPTED,O000006,U0588,S098,SEOUL_JONGNO,CARD,36000,4000,,
34,2025-01-17T09:16:15,RIDER_ASSIGNED,O000006,U0588,S098,SEOUL_JONGNO,CARD,36000,4000,R124,
553,2025-01-17T09:20:43,ORDER_CREATED,O000105,U1341,S073,SEOUL_GANGNAM,NAVER_PAY,22000,3000,,
554,2025-01-17T09:20:43,PAYMENT_COMPLETED,O000105,U1341,S073,SEOUL_GANGNAM,NAVER_PAY,22000,3000,,
555,2025-01-17T09:22:43,STORE_ACCEPTED,O000105,U1341,S073,SEOUL_GANGNAM,NAVER_PAY,22000,3000,,
556,2025-01-17T09:28:43,RIDER_ASSIGNED,O000105,U1341,S073,SEOUL_GANGNAM,NAVER_PAY,22000,3000,R118,
35,2025-01-17T09:34:15,PICKED_UP,O000006,U0588,S098,SEOUL_JONGNO,CARD,36000,4000,R124,
557,2025-01-17T09:36:43,PICKED_UP,O000105,U1341,S073,SEOUL_GANGNAM,NAVER_PAY,22000,3000,R118,
36,2025-01-17T09:46:15,DELIVERY_COMPLETED,O000006,U0588,S098,SEOUL_JONGNO,CARD,36000,4000,R124,
558,2025-01-17T09:50:43,DELIVERY_COMPLETED,O000105,U1341,S073,SEOUL_GANGNAM,NAVER_PAY,22000,3000,R118,
80,2025-01-17T13:20:53,ORDER_CREATED,O000015,U1284,S051,SEOUL_MAPO,CARD,29000,5000,,
81,2025-01-17T13:22:53,PAYMENT_COMPLETED,O000015,U1284,S051,SEOUL_MAPO,CARD,29000,5000,,
82,2025-01-17T13:27:53,ORDER_CANCELLED,O000015,U1284,S051,SEOUL_MAPO,CARD,29000,5000,,USER_CHANGED_MIND
852,2025-01-17T14:00:45,ORDER_CREATED,O000164,U1395,S105,SEOUL_JONGNO,CARD,40000,2000,,
853,2025-01-17T14:01:45,PAYMENT_COMPLETED,O000164,U1395,S105,SEOUL_JONGNO,CARD,40000,2000,,
854,2025-01-17T14:04:45,STORE_ACCEPTED,O000164,U1395,S105,SEOUL_JONGNO,CARD,40000,2000,,
855,2025-01-17T14:05:45,RIDER_ASSIGNED,O000164,U1395,S105,SEOUL_JONGNO,CARD,40000,2000,R079,
856,2025-01-17T14:13:45,PICKED_UP,O000164,U1395,S105,SEOUL_JONGNO,CARD,40000,2000,R079,
857,2025-01-17T14:28:45,DELIVERY_COMPLETED,O000164,U1395,S105,SEOUL_JONGNO,CARD,40000,2000,R079,
797,2025-01-17T14:49:50,ORDER_CREATED,O000152,U1251,S113,SEOUL_JONGNO,KAKAO_PAY,33000,3000,,
798,2025-01-17T14:50:50,PAYMENT_COMPLETED,O000152,U1251,S113,SEOUL_JONGNO,KAKAO_PAY,33000,3000,,
799,2025-01-17T14:51:50,STORE_ACCEPTED,O000152,U1251,S113,SEOUL_JONGNO,KAKAO_PAY,33000,3000,,
800,2025-01-17T14:58:50,RIDER_ASSIGNED,O000152,U1251,S113,SEOUL_JONGNO,KAKAO_PAY,33000,3000,R092,
801,2025-01-17T15:18:50,PICKED_UP,O000152,U1251,S113,SEOUL_JONGNO,KAKAO_PAY,33000,3000,R092,
802,2025-01-17T15:30:50,DELIVERY_COMPLETED,O000152,U1251,S113,SEOUL_JONGNO,KAKAO_PAY,33000,3000,R092,
604,2025-01-17T15:46:54,ORDER_CREATED,O000115,U0435,S009,SEOUL_JAMSIL,CARD,12000,3000,,
605,2025-01-17T15:48:54,PAYMENT_COMPLETED,O000115,U0435,S009,SEOUL_JAMSIL,CARD,12000,3000,,
606,2025-01-17T15:52:54,STORE_ACCEPTED,O000115,U0435,S009,SEOUL_JAMSIL,CARD,12000,3000,,
453,2025-01-17T15:57:25,ORDER_CREATED,O000087,U1107,S082,SEOUL_SEONGSU,CARD,33000,3000,,
454,2025-01-17T15:59:25,PAYMENT_COMPLETED,O000087,U1107,S082,SEOUL_SEONGSU,CARD,33000,3000,,
455,2025-01-17T16:02:25,STORE_ACCEPTED,O000087,U1107,S082,SEOUL_SEONGSU,CARD,33000,3000,,
607,2025-01-17T16:02:54,RIDER_ASSIGNED,O000115,U0435,S009,SEOUL_JAMSIL,CARD,12000,3000,R085,
456,2025-01-17T16:04:25,RIDER_ASSIGNED,O000087,U1107,S082,SEOUL_SEONGSU,CARD,33000,3000,R196,
608,2025-01-17T16:16:54,PICKED_UP,O000115,U0435,S009,SEOUL_JAMSIL,CARD,12000,3000,R085,
457,2025-01-17T16:17:25,PICKED_UP,O000087,U1107,S082,SEOUL_SEONGSU,CARD,33000,3000,R196,
609,2025-01-17T16:27:54,DELIVERY_COMPLETED,O000115,U0435,S009,SEOUL_JAMSIL,CARD,12000,3000,R085,
458,2025-01-17T16:45:25,DELIVERY_COMPLETED,O000087,U1107,S082,SEOUL_SEONGSU,CARD,33000,3000,R196,
429,2025-01-18T03:13:26,ORDER_CREATED,O000083,U1388,S097,SEOUL_JAMSIL,KAKAO_PAY,15000,3000,,
430,2025-01-18T03:13:26,PAYMENT_COMPLETED,O000083,U1388,S097,SEOUL_JAMSIL,KAKAO_PAY,15000,3000,,
431,2025-01-18T03:18:26,STORE_ACCEPTED,O000083,U1388,S097,SEOUL_JAMSIL,KAKAO_PAY,15000,3000,,
432,2025-01-18T03:21:26,RIDER_ASSIGNED,O000083,U1388,S097,SEOUL_JAMSIL,KAKAO_PAY,15000,3000,R029,
433,2025-01-18T03:39:26,PICKED_UP,O000083,U1388,S097,SEOUL_JAMSIL,KAKAO_PAY,15000,3000,R029,
434,2025-01-18T03:53:26,DELIVERY_COMPLETED,O000083,U1388,S097,SEOUL_JAMSIL,KAKAO_PAY,15000,3000,R029,
155,2025-01-18T07:04:56,ORDER_CREATED,O000032,U0804,S086,SEOUL_SEONGSU,KAKAO_PAY,24000,3000,,
156,2025-01-18T07:04:56,PAYMENT_COMPLETED,O000032,U0804,S086,SEOUL_SEONGSU,KAKAO_PAY,24000,3000,,
157,2025-01-18T07:12:56,STORE_ACCEPTED,O000032,U0804,S086,SEOUL_SEONGSU,KAKAO_PAY,24000,3000,,
158,2025-01-18T07:14:56,RIDER_ASSIGNED,O000032,U0804,S086,SEOUL_SEONGSU,KAKAO_PAY,24000,3000,R008,
159,2025-01-18T07:27:56,PICKED_UP,O000032,U0804,S086,SEOUL_SEONGSU,KAKAO_PAY,24000,3000,R008,
160,2025-01-18T07:48:56,DELIVERY_COMPLETED,O000032,U0804,S086,SEOUL_SEONGSU,KAKAO_PAY,24000,3000,R008,
143,2025-01-18T08:31:14,ORDER_CREATED,O000030,U0351,S076,SEOUL_YEONGDEUNGPO,CARD,35000,4000,,
144,2025-01-18T08:31:14,PAYMENT_COMPLETED,O000030,U0351,S076,SEOUL_YEONGDEUNGPO,CARD,35000,4000,,
145,2025-01-18T08:36:14,STORE_ACCEPTED,O000030,U0351,S076,SEOUL_YEONGDEUNGPO,CARD,35000,4000,,
146,2025-01-18T08:43:14,RIDER_ASSIGNED,O000030,U0351,S076,SEOUL_YEONGDEUNGPO,CARD,35000,4000,R086,
147,2025-01-18T08:51:14,PICKED_UP,O000030,U0351,S076,SEOUL_YEONGDEUNGPO,CARD,35000,4000,R086,
148,2025-01-18T09:07:14,DELIVERY_COMPLETED,O000030,U0351,S076,SEOUL_YEONGDEUNGPO,CARD,35000,4000,R086,
528,2025-01-18T16:11:49,ORDER_CREATED,O000100,U0291,S048,SEOUL_MAPO,CARD,37000,3000,,
529,2025-01-18T16:13:49,PAYMENT_COMPLETED,O000100,U0291,S048,SEOUL_MAPO,CARD,37000,3000,,
530,2025-01-18T16:15:49,STORE_ACCEPTED,O000100,U0291,S048,SEOUL_MAPO,CARD,37000,3000,,
531,2025-01-18T16:24:49,RIDER_ASSIGNED,O000100,U0291,S048,SEOUL_MAPO,CARD,37000,3000,R019,
532,2025-01-18T16:32:49,PICKED_UP,O000100,U0291,S048,SEOUL_MAPO,CARD,37000,3000,R019,
533,2025-01-18T17:00:49,DELIVERY_COMPLETED,O000100,U0291,S048,SEOUL_MAPO,CARD,37000,3000,R019,
1019,2025-01-18T18:31:45,ORDER_CREATED,O000196,U1361,S037,SEOUL_SEONGSU,CARD,31000,4000,,
1020,2025-01-18T18:33:45,PAYMENT_COMPLETED,O000196,U1361,S037,SEOUL_SEONGSU,CARD,31000,4000,,
1021,2025-01-18T18:36:45,STORE_ACCEPTED,O000196,U1361,S037,SEOUL_SEONGSU,CARD,31000,4000,,
1022,2025-01-18T18:42:45,RIDER_ASSIGNED,O000196,U1361,S037,SEOUL_SEONGSU,CARD,31000,4000,R018,
622,2025-01-18T18:50:44,ORDER_CREATED,O000118,U0583,S049,SEOUL_MAPO,KAKAO_PAY,18000,1000,,
623,2025-01-18T18:50:44,PAYMENT_COMPLETED,O000118,U0583,S049,SEOUL_MAPO,KAKAO_PAY,18000,1000,,
624,2025-01-18T18:51:44,ORDER_CANCELLED,O000118,U0583,S049,SEOUL_MAPO,KAKAO_PAY,18000,1000,,USER_CHANGED_MIND
1023,2025-01-18T18:55:45,PICKED_UP,O000196,U1361,S037,SEOUL_SEONGSU,CARD,31000,4000,R018,
1024,2025-01-18T19:33:45,DELIVERY_COMPLETED,O000196,U1361,S037,SEOUL_SEONGSU,CARD,31000,4000,R018,
19,2025-01-18T20:34:59,ORDER_CREATED,O000004,U1394,S055,SEOUL_YEONGDEUNGPO,KAKAO_PAY,28000,3000,,
20,2025-01-18T20:34:59,PAYMENT_COMPLETED,O000004,U1394,S055,SEOUL_YEONGDEUNGPO,KAKAO_PAY,28000,3000,,
21,2025-01-18T20:38:59,STORE_ACCEPTED,O000004,U1394,S055,SEOUL_YEONGDEUNGPO,KAKAO_PAY,28000,3000,,
22,2025-01-18T20:45:59,RIDER_ASSIGNED,O000004,U1394,S055,SEOUL_YEONGDEUNGPO,KAKAO_PAY,28000,3000,R079,
23,2025-01-18T20:58:59,PICKED_UP,O000004,U1394,S055,SEOUL_YEONGDEUNGPO,KAKAO_PAY,28000,3000,R079,
24,2025-01-18T21:30:59,DELIVERY_COMPLETED,O000004,U1394,S055,SEOUL_YEONGDEUNGPO,KAKAO_PAY,28000,3000,R079,
844,2025-01-19T15:10:22,ORDER_CREATED,O000162,U1330,S038,SEOUL_MAPO,KAKAO_PAY,26000,3000,,
845,2025-01-19T15:11:22,PAYMENT_COMPLETED,O000162,U1330,S038,SEOUL_MAPO,KAKAO_PAY,26000,3000,,
846,2025-01-19T15:16:22,STORE_ACCEPTED,O000162,U1330,S038,SEOUL_MAPO,KAKAO_PAY,26000,3000,,
847,2025-01-19T15:22:22,RIDER_ASSIGNED,O000162,U1330,S038,SEOUL_MAPO,KAKAO_PAY,26000,3000,R123,
281,2025-01-20T00:50:05,ORDER_CREATED,O000056,U0704,S081,SEOUL_MAPO,CASH,36000,1000,,
282,2025-01-20T00:53:05,ORDER_CANCELLED,O000056,U0704,S081,SEOUL_MAPO,CASH,36000,1000,,USER_CHANGED_MIND
858,2025-01-20T02:56:21,ORDER_CREATED,O000165,U0886,S016,SEOUL_SEONGSU,CARD,24000,2000,,
859,2025-01-20T02:57:21,PAYMENT_COMPLETED,O000165,U0886,S016,SEOUL_SEONGSU,CARD,24000,2000,,
218,2025-01-20T02:57:31,ORDER_CREATED,O000043,U0898,S080,SEOUL_JAMSIL,CASH,33000,3000,,
860,2025-01-20T02:58:21,STORE_ACCEPTED,O000165,U0886,S016,SEOUL_SEONGSU,CARD,24000,2000,,
219,2025-01-20T02:58:31,PAYMENT_COMPLETED,O000043,U0898,S080,SEOUL_JAMSIL,CASH,33000,3000,,
861,2025-01-20T03:02:21,RIDER_ASSIGNED,O000165,U0886,S016,SEOUL_SEONGSU,CARD,24000,2000,R018,
220,2025-01-20T03:04:31,STORE_ACCEPTED,O000043,U0898,S080,SEOUL_JAMSIL,CASH,33000,3000,,
221,2025-01-20T03:08:31,RIDER_ASSIGNED,O000043,U0898,S080,SEOUL_JAMSIL,CASH,33000,3000,R128,
222,2025-01-20T03:15:31,PICKED_UP,O000043,U0898,S080,SEOUL_JAMSIL,CASH,33000,3000,R128,
862,2025-01-20T03:21:21,PICKED_UP,O000165,U0886,S016,SEOUL_SEONGSU,CARD,24000,2000,R018,
223,2025-01-20T03:29:31,DELIVERY_COMPLETED,O000043,U0898,S080,SEOUL_JAMSIL,CASH,33000,3000,R128,
863,2025-01-20T03:55:21,DELIVERY_COMPLETED,O000165,U0886,S016,SEOUL_SEONGSU,CARD,24000,2000,R018,
1013,2025-01-20T05:32:36,ORDER_CREATED,O000195,U1232,S013,SEOUL_MAPO,CARD,33000,3000,,
1014,2025-01-20T05:34:36,PAYMENT_COMPLETED,O000195,U1232,S013,SEOUL_MAPO,CARD,33000,3000,,
1015,2025-01-20T05:36:36,STORE_ACCEPTED,O000195,U1232,S013,SEOUL_MAPO,CARD,33000,3000,,
1016,2025-01-20T05:42:36,RIDER_ASSIGNED,O000195,U1232,S013,SEOUL_MAPO,CARD,33000,3000,R007,
1017,2025-01-20T05:58:36,PICKED_UP,O000195,U1232,S013,SEOUL_MAPO,CARD,33000,3000,R007,
1018,2025-01-20T06:32:36,DELIVERY_COMPLETED,O000195,U1232,S013,SEOUL_MAPO,CARD,33000,3000,R007,
779,2025-01-20T17:42:07,ORDER_CREATED,O000147,U1405,S055,SEOUL_MAPO,CARD,17000,4000,,
780,2025-01-20T17:44:07,PAYMENT_COMPLETED,O000147,U1405,S055,SEOUL_MAPO,CARD,17000,4000,,
781,2025-01-20T17:52:07,STORE_ACCEPTED,O000147,U1405,S055,SEOUL_MAPO,CARD,17000,4000,,
782,2025-01-20T17:58:07,RIDER_ASSIGNED,O000147,U1405,S055,SEOUL_MAPO,CARD,17000,4000,R134,
783,2025-01-20T18:04:07,PICKED_UP,O000147,U1405,S055,SEOUL_MAPO,CARD,17000,4000,R134,
784,2025-01-20T18:38:07,DELIVERY_COMPLETED,O000147,U1405,S055,SEOUL_MAPO,CARD,17000,4000,R134,
544,2025-01-20T20:13:01,ORDER_CREATED,O000103,U0845,S015,SEOUL_JONGNO,KAKAO_PAY,19000,3000,,
545,2025-01-20T20:13:01,PAYMENT_COMPLETED,O000103,U0845,S015,SEOUL_JONGNO,KAKAO_PAY,19000,3000,,
546,2025-01-20T20:16:01,STORE_ACCEPTED,O000103,U0845,S015,SEOUL_JONGNO,KAKAO_PAY,19000,3000,,
547,2025-01-20T20:28:01,RIDER_ASSIGNED,O000103,U0845,S015,SEOUL_JONGNO,KAKAO_PAY,19000,3000,R113,
548,2025-01-20T20:42:01,PICKED_UP,O000103,U0845,S015,SEOUL_JONGNO,KAKAO_PAY,19000,3000,R113,
549,2025-01-20T21:27:01,DELIVERY_COMPLETED,O000103,U0845,S015,SEOUL_JONGNO,KAKAO_PAY,19000,3000,R113,
703,2025-01-20T21:55:08,ORDER_CREATED,O000134,U0166,S045,SEOUL_SEONGSU,KAKAO_PAY,16000,2000,,
704,2025-01-20T21:56:08,PAYMENT_COMPLETED,O000134,U0166,S045,SEOUL_SEONGSU,KAKAO_PAY,16000,2000,,
705,2025-01-20T21:58:08,STORE_ACCEPTED,O000134,U0166,S045,SEOUL_SEONGSU,KAKAO_PAY,16000,2000,,
706,2025-01-20T22:02:08,RIDER_ASSIGNED,O000134,U0166,S045,SEOUL_SEONGSU,KAKAO_PAY,16000,2000,R155,
707,2025-01-20T22:13:08,ORDER_CANCELLED,O000134,U0166,S045,SEOUL_SEONGSU,KAKAO_PAY,16000,2000,R155,LATE_DELIVERY
785,2025-01-21T02:41:22,ORDER_CREATED,O000148,U0826,S117,SEOUL_YEONGDEUNGPO,KAKAO_PAY,23000,1000,,
786,2025-01-21T02:41:22,PAYMENT_COMPLETED,O000148,U0826,S117,SEOUL_YEONGDEUNGPO,KAKAO_PAY,23000,1000,,
301,2025-01-21T07:51:28,ORDER_CREATED,O000060,U0432,S116,SEOUL_SEONGSU,NAVER_PAY,30000,3000,,
302,2025-01-21T07:52:28,PAYMENT_COMPLETED,O000060,U0432,S116,SEOUL_SEONGSU,NAVER_PAY,30000,3000,,
303,2025-01-21T08:00:28,STORE_ACCEPTED,O000060,U0432,S116,SEOUL_SEONGSU,NAVER_PAY,30000,3000,,
304,2025-01-21T08:10:28,RIDER_ASSIGNED,O000060,U0432,S116,SEOUL_SEONGSU,NAVER_PAY,30000,3000,R079,
305,2025-01-21T08:18:28,PICKED_UP,O000060,U0432,S116,SEOUL_SEONGSU,NAVER_PAY,30000,3000,R079,
306,2025-01-21T08:46:28,DELIVERY_COMPLETED,O000060,U0432,S116,SEOUL_SEONGSU,NAVER_PAY,30000,3000,R079,
7,2025-01-21T13:47:34,ORDER_CREATED,O000002,U0691,S116,SEOUL_JAMSIL,CARD,44000,2000,,
8,2025-01-21T13:47:34,PAYMENT_COMPLETED,O000002,U0691,S116,SEOUL_JAMSIL,CARD,44000,2000,,
9,2025-01-21T13:51:34,STORE_ACCEPTED,O000002,U0691,S116,SEOUL_JAMSIL,CARD,44000,2000,,
10,2025-01-21T13:58:34,RIDER_ASSIGNED,O000002,U0691,S116,SEOUL_JAMSIL,CARD,44000,2000,R171,
11,2025-01-21T14:05:34,PICKED_UP,O000002,U0691,S116,SEOUL_JAMSIL,CARD,44000,2000,R171,
12,2025-01-21T14:17:34,DELIVERY_COMPLETED,O000002,U0691,S116,SEOUL_JAMSIL,CARD,44000,2000,R171,
904,2025-01-21T14:21:52,ORDER_CREATED,O000173,U0243,S009,SEOUL_YEONGDEUNGPO,CARD,39000,4000,,
905,2025-01-21T14:21:52,PAYMENT_COMPLETED,O000173,U0243,S009,SEOUL_YEONGDEUNGPO,CARD,39000,4000,,
906,2025-01-21T14:29:52,STORE_ACCEPTED,O000173,U0243,S009,SEOUL_YEONGDEUNGPO,CARD,39000,4000,,
907,2025-01-21T14:34:52,RIDER_ASSIGNED,O000173,U0243,S009,SEOUL_YEONGDEUNGPO,CARD,39000,4000,R067,
908,2025-01-21T14:44:52,PICKED_UP,O000173,U0243,S009,SEOUL_YEONGDEUNGPO,CARD,39000,4000,R067,
898,2025-01-21T19:54:36,ORDER_CREATED,O000172,U0057,S038,SEOUL_SEONGSU,CARD,32000,5000,,
899,2025-01-21T19:55:36,PAYMENT_COMPLETED,O000172,U0057,S038,SEOUL_SEONGSU,CARD,32000,5000,,
900,2025-01-21T20:02:36,STORE_ACCEPTED,O000172,U0057,S038,SEOUL_SEONGSU,CARD,32000,5000,,
901,2025-01-21T20:07:36,RIDER_ASSIGNED,O000172,U0057,S038,SEOUL_SEONGSU,CARD,32000,5000,R065,
902,2025-01-21T20:31:36,PICKED_UP,O000172,U0057,S038,SEOUL_SEONGSU,CARD,32000,5000,R065,
903,2025-01-21T21:14:36,DELIVERY_COMPLETED,O000172,U0057,S038,SEOUL_SEONGSU,CARD,32000,5000,R065,
212,2025-01-21T21:37:24,ORDER_CREATED,O000042,U0035,S114,SEOUL_YEONGDEUNGPO,CARD,29000,4000,,
213,2025-01-21T21:38:24,PAYMENT_COMPLETED,O000042,U0035,S114,SEOUL_YEONGDEUNGPO,CARD,29000,4000,,
214,2025-01-21T21:42:24,STORE_ACCEPTED,O000042,U0035,S114,SEOUL_YEONGDEUNGPO,CARD,29000,4000,,
361,2025-01-21T21:49:17,ORDER_CREATED,O000070,U0018,S105,SEOUL_GANGNAM,KAKAO_PAY,22000,0,,
362,2025-01-21T21:51:17,PAYMENT_COMPLETED,O000070,U0018,S105,SEOUL_GANGNAM,KAKAO_PAY,22000,0,,
215,2025-01-21T21:52:24,RIDER_ASSIGNED,O000042,U0035,S114,SEOUL_YEONGDEUNGPO,CARD,29000,4000,R148,
363,2025-01-21T21:56:17,STORE_ACCEPTED,O000070,U0018,S105,SEOUL_GANGNAM,KAKAO_PAY,22000,0,,
216,2025-01-21T22:00:24,PICKED_UP,O000042,U0035,S114,SEOUL_YEONGDEUNGPO,CARD,29000,4000,R148,
364,2025-01-21T22:01:17,RIDER_ASSIGNED,O000070,U0018,S105,SEOUL_GANGNAM,KAKAO_PAY,22000,0,R064,
217,2025-01-21T22:12:24,DELIVERY_COMPLETED,O000042,U0035,S114,SEOUL_YEONGDEUNGPO,CARD,29000,4000,R148,
365,2025-01-21T22:17:17,PICKED_UP,O000070,U0018,S105,SEOUL_GANGNAM,KAKAO_PAY,22000,0,R064,
665,2025-01-21T22:22:31,ORDER_CREATED,O000126,U0972,S038,SEOUL_JAMSIL,KAKAO_PAY,24000,2000,,
666,2025-01-21T22:22:31,PAYMENT_COMPLETED,O000126,U0972,S038,SEOUL_JAMSIL,KAKAO_PAY,24000,2000,,
667,2025-01-21T22:25:31,STORE_ACCEPTED,O000126,U0972,S038,SEOUL_JAMSIL,KAKAO_PAY,24000,2000,,
668,2025-01-21T22:32:31,RIDER_ASSIGNED,O000126,U0972,S038,SEOUL_JAMSIL,KAKAO_PAY,24000,2000,R169,
669,2025-01-21T22:41:31,PICKED_UP,O000126,U0972,S038,SEOUL_JAMSIL,KAKAO_PAY,24000,2000,R169,
366,2025-01-21T22:44:17,DELIVERY_COMPLETED,O000070,U0018,S105,SEOUL_GANGNAM,KAKAO_PAY,22000,0,R064,
670,2025-01-21T23:14:31,DELIVERY_COMPLETED,O000126,U0972,S038,SEOUL_JAMSIL,KAKAO_PAY,24000,2000,R169,
415,2025-01-22T10:24:48,ORDER_CREATED,O000080,U0919,S071,SEOUL_SEONGSU,NAVER_PAY,27000,3000,,
416,2025-01-22T10:24:48,PAYMENT_COMPLETED,O000080,U0919,S071,SEOUL_SEONGSU,NAVER_PAY,27000,3000,,
417,2025-01-22T10:31:48,STORE_ACCEPTED,O000080,U0919,S071,SEOUL_SEONGSU,NAVER_PAY,27000,3000,,
418,2025-01-22T10:36:48,RIDER_ASSIGNED,O000080,U0919,S071,SEOUL_SEONGSU,NAVER_PAY,27000,3000,R149,
409,2025-01-22T12:34:05,ORDER_CREATED,O000079,U0635,S057,SEOUL_JONGNO,NAVER_PAY,20000,4000,,
410,2025-01-22T12:35:05,PAYMENT_COMPLETED,O000079,U0635,S057,SEOUL_JONGNO,NAVER_PAY,20000,4000,,
411,2025-01-22T12:41:05,STORE_ACCEPTED,O000079,U0635,S057,SEOUL_JONGNO,NAVER_PAY,20000,4000,,
412,2025-01-22T12:58:05,RIDER_ASSIGNED,O000079,U0635,S057,SEOUL_JONGNO,NAVER_PAY,20000,4000,R136,
413,2025-01-22T13:07:05,PICKED_UP,O000079,U0635,S057,SEOUL_JONGNO,NAVER_PAY,20000,4000,R136,
414,2025-01-22T13:23:05,DELIVERY_COMPLETED,O000079,U0635,S057,SEOUL_JONGNO,NAVER_PAY,20000,4000,R136,
744,2025-01-22T17:22:35,ORDER_CREATED,O000141,U0665,S011,SEOUL_SEONGSU,CARD,13000,0,,
745,2025-01-22T17:24:35,PAYMENT_COMPLETED,O000141,U0665,S011,SEOUL_SEONGSU,CARD,13000,0,,
746,2025-01-22T17:26:35,STORE_ACCEPTED,O000141,U0665,S011,SEOUL_SEONGSU,CARD,13000,0,,
747,2025-01-22T17:30:35,RIDER_ASSIGNED,O000141,U0665,S011,SEOUL_SEONGSU,CARD,13000,0,R082,
748,2025-01-22T17:47:35,PICKED_UP,O000141,U0665,S011,SEOUL_SEONGSU,CARD,13000,0,R082,
749,2025-01-22T18:11:35,DELIVERY_COMPLETED,O000141,U0665,S011,SEOUL_SEONGSU,CARD,13000,0,R082,
133,2025-01-22T18:51:49,ORDER_CREATED,O000028,U1341,S072,SEOUL_GANGNAM,CARD,31000,2000,,
134,2025-01-22T18:51:49,PAYMENT_COMPLETED,O000028,U1341,S072,SEOUL_GANGNAM,CARD,31000,2000,,
135,2025-01-22T18:58:49,STORE_ACCEPTED,O000028,U1341,S072,SEOUL_GANGNAM,CARD,31000,2000,,
136,2025-01-22T19:07:49,ORDER_CANCELLED,O000028,U1341,S072,SEOUL_GANGNAM,CARD,31000,2000,,NO_RIDER_AVAILABLE
149,2025-01-22T19:57:40,ORDER_CREATED,O000031,U0838,S051,SEOUL_MAPO,NAVER_PAY,31000,4000,,
150,2025-01-22T19:57:40,PAYMENT_COMPLETED,O000031,U0838,S051,SEOUL_MAPO,NAVER_PAY,31000,4000,,
151,2025-01-22T20:00:40,STORE_ACCEPTED,O000031,U0838,S051,SEOUL_MAPO,NAVER_PAY,31000,4000,,
152,2025-01-22T20:15:40,RIDER_ASSIGNED,O000031,U0838,S051,SEOUL_MAPO,NAVER_PAY,31000,4000,R199,
153,2025-01-22T20:37:40,PICKED_UP,O000031,U0838,S051,SEOUL_MAPO,NAVER_PAY,31000,4000,R199,
787,2025-01-22T21:15:39,ORDER_CREATED,O000149,U1240,S019,SEOUL_GANGNAM,KAKAO_PAY,18000,2000,,
154,2025-01-22T21:15:40,DELIVERY_COMPLETED,O000031,U0838,S051,SEOUL_MAPO,NAVER_PAY,31000,4000,R199,
788,2025-01-22T21:16:39,PAYMENT_COMPLETED,O000149,U1240,S019,SEOUL_GANGNAM,KAKAO_PAY,18000,2000,,
789,2025-01-22T21:20:39,STORE_ACCEPTED,O000149,U1240,S019,SEOUL_GANGNAM,KAKAO_PAY,18000,2000,,
790,2025-01-22T21:22:39,RIDER_ASSIGNED,O000149,U1240,S019,SEOUL_GANGNAM,KAKAO_PAY,18000,2000,R196,
791,2025-01-22T21:32:39,ORDER_CANCELLED,O000149,U1240,S019,SEOUL_GANGNAM,KAKAO_PAY,18000,2000,R196,NO_RIDER_AVAILABLE
833,2025-01-23T14:39:14,ORDER_CREATED,O000159,U0702,S019,SEOUL_MAPO,KAKAO_PAY,30000,3000,,
834,2025-01-23T14:39:14,PAYMENT_COMPLETED,O000159,U0702,S019,SEOUL_MAPO,KAKAO_PAY,30000,3000,,
835,2025-01-23T14:42:14,STORE_ACCEPTED,O000159,U0702,S019,SEOUL_MAPO,KAKAO_PAY,30000,3000,,
836,2025-01-23T14:45:14,RIDER_ASSIGNED,O000159,U0702,S019,SEOUL_MAPO,KAKAO_PAY,30000,3000,R063,
837,2025-01-23T14:59:14,PICKED_UP,O000159,U0702,S019,SEOUL_MAPO,KAKAO_PAY,30000,3000,R063,
838,2025-01-23T15:32:14,DELIVERY_COMPLETED,O000159,U0702,S019,SEOUL_MAPO,KAKAO_PAY,30000,3000,R063,
571,2025-01-24T01:18:05,ORDER_CREATED,O000108,U0271,S063,SEOUL_JONGNO,KAKAO_PAY,34000,4000,,
572,2025-01-24T01:19:05,PAYMENT_COMPLETED,O000108,U0271,S063,SEOUL_JONGNO,KAKAO_PAY,34000,4000,,
573,2025-01-24T01:25:05,STORE_ACCEPTED,O000108,U0271,S063,SEOUL_JONGNO,KAKAO_PAY,34000,4000,,
574,2025-01-24T01:35:05,RIDER_ASSIGNED,O000108,U0271,S063,SEOUL_JONGNO,KAKAO_PAY,34000,4000,R052,
575,2025-01-24T01:44:05,ORDER_CANCELLED,O000108,U0271,S063,SEOUL_JONGNO,KAKAO_PAY,34000,4000,R052,NO_RIDER_AVAILABLE
809,2025-01-24T02:25:15,ORDER_CREATED,O000154,U1232,S078,SEOUL_SEONGSU,KAKAO_PAY,11000,4000,,
810,2025-01-24T02:26:15,PAYMENT_COMPLETED,O000154,U1232,S078,SEOUL_SEONGSU,KAKAO_PAY,11000,4000,,
811,2025-01-24T02:37:15,ORDER_CANCELLED,O000154,U1232,S078,SEOUL_SEONGSU,KAKAO_PAY,11000,4000,,USER_CHANGED_MIND
714,2025-01-24T02:40:50,ORDER_CREATED,O000136,U0433,S010,SEOUL_JONGNO,CARD,27000,2000,,
715,2025-01-24T02:42:50,PAYMENT_COMPLETED,O000136,U0433,S010,SEOUL_JONGNO,CARD,27000,2000,,
716,2025-01-24T02:48:50,STORE_ACCEPTED,O000136,U0433,S010,SEOUL_JONGNO,CARD,27000,2000,,
717,2025-01-24T02:56:50,RIDER_ASSIGNED,O000136,U0433,S010,SEOUL_JONGNO,CARD,27000,2000,R149,
718,2025-01-24T03:16:50,PICKED_UP,O000136,U0433,S010,SEOUL_JONGNO,CARD,27000,2000,R149,
719,2025-01-24T03:26:50,DELIVERY_COMPLETED,O000136,U0433,S010,SEOUL_JONGNO,CARD,27000,2000,R149,
260,2025-01-24T06:01:43,ORDER_CREATED,O000051,U0396,S063,SEOUL_JONGNO,KAKAO_PAY,26000,3000,,
261,2025-01-24T06:02:43,PAYMENT_COMPLETED,O000051,U0396,S063,SEOUL_JONGNO,KAKAO_PAY,26000,3000,,
262,2025-01-24T06:05:43,STORE_ACCEPTED,O000051,U0396,S063,SEOUL_JONGNO,KAKAO_PAY,26000,3000,,
263,2025-01-24T06:09:43,RIDER_ASSIGNED,O000051,U0396,S063,SEOUL_JONGNO,KAKAO_PAY,26000,3000,R090,
501,2025-01-24T06:22:09,ORDER_CREATED,O000095,U0239,S001,SEOUL_SEONGSU,CARD,40000,3000,,
502,2025-01-24T06:23:09,PAYMENT_COMPLETED,O000095,U0239,S001,SEOUL_SEONGSU,CARD,40000,3000,,
503,2025-01-24T06:30:09,STORE_ACCEPTED,O000095,U0239,S001,SEOUL_SEONGSU,CARD,40000,3000,,
504,2025-01-24T06:33:09,RIDER_ASSIGNED,O000095,U0239,S001,SEOUL_SEONGSU,CARD,40000,3000,R050,
505,2025-01-24T06:43:09,PICKED_UP,O000095,U0239,S001,SEOUL_SEONGSU,CARD,40000,3000,R050,
931,2025-01-24T06:50:58,ORDER_CREATED,O000178,U0431,S067,SEOUL_YEONGDEUNGPO,NAVER_PAY,26000,1000,,
932,2025-01-24T06:50:58,PAYMENT_COMPLETED,O000178,U0431,S067,SEOUL_YEONGDEUNGPO,NAVER_PAY,26000,1000,,
933,2025-01-24T06:56:58,STORE_ACCEPTED,O000178,U0431,S067,SEOUL_YEONGDEUNGPO,NAVER_PAY,26000,1000,,
934,2025-01-24T07:08:58,ORDER_CANCELLED,O000178,U0431,S067,SEOUL_YEONGDEUNGPO,NAVER_PAY,26000,1000,,NO_RIDER_AVAILABLE
506,2025-01-24T07:15:09,DELIVERY_COMPLETED,O000095,U0239,S001,SEOUL_SEONGSU,CARD,40000,3000,R050,
821,2025-01-24T15:28:34,ORDER_CREATED,O000157,U0030,S004,SEOUL_JONGNO,KAKAO_PAY,29000,3000,,
822,2025-01-24T15:29:34,PAYMENT_COMPLETED,O000157,U0030,S004,SEOUL_JONGNO,KAKAO_PAY,29000,3000,,
823,2025-01-24T15:31:34,STORE_ACCEPTED,O000157,U0030,S004,SEOUL_JONGNO,KAKAO_PAY,29000,3000,,
824,2025-01-24T15:40:34,RIDER_ASSIGNED,O000157,U0030,S004,SEOUL_JONGNO,KAKAO_PAY,29000,3000,R160,
825,2025-01-24T15:48:34,PICKED_UP,O000157,U0030,S004,SEOUL_JONGNO,KAKAO_PAY,29000,3000,R160,
826,2025-01-24T16:20:34,DELIVERY_COMPLETED,O000157,U0030,S004,SEOUL_JONGNO,KAKAO_PAY,29000,3000,R160,
726,2025-01-24T18:01:54,ORDER_CREATED,O000138,U1099,S087,SEOUL_JAMSIL,CARD,30000,4000,,
727,2025-01-24T18:01:54,PAYMENT_COMPLETED,O000138,U1099,S087,SEOUL_JAMSIL,CARD,30000,4000,,
728,2025-01-24T18:14:54,STORE_ACCEPTED,O000138,U1099,S087,SEOUL_JAMSIL,CARD,30000,4000,,
616,2025-01-24T18:15:57,ORDER_CREATED,O000117,U0519,S109,SEOUL_MAPO,KAKAO_PAY,18000,3000,,
617,2025-01-24T18:15:57,PAYMENT_COMPLETED,O000117,U0519,S109,SEOUL_MAPO,KAKAO_PAY,18000,3000,,
618,2025-01-24T18:27:57,STORE_ACCEPTED,O000117,U0519,S109,SEOUL_MAPO,KAKAO_PAY,18000,3000,,
729,2025-01-24T18:30:54,RIDER_ASSIGNED,O000138,U1099,S087,SEOUL_JAMSIL,CARD,30000,4000,R022,
619,2025-01-24T18:37:57,RIDER_ASSIGNED,O000117,U0519,S109,SEOUL_MAPO,KAKAO_PAY,18000,3000,R049,
730,2025-01-24T18:42:54,PICKED_UP,O000138,U1099,S087,SEOUL_JAMSIL,CARD,30000,4000,R022,
620,2025-01-24T18:47:57,PICKED_UP,O000117,U0519,S109,SEOUL_MAPO,KAKAO_PAY,18000,3000,R049,
731,2025-01-24T19:08:54,DELIVERY_COMPLETED,O000138,U1099,S087,SEOUL_JAMSIL,CARD,30000,4000,R022,
876,2025-01-24T19:11:04,ORDER_CREATED,O000168,U0391,S087,SEOUL_GANGNAM,KAKAO_PAY,28000,1000,,
877,2025-01-24T19:13:04,PAYMENT_COMPLETED,O000168,U0391,S087,SEOUL_GANGNAM,KAKAO_PAY,28000,1000,,
621,2025-01-24T19:19:57,DELIVERY_COMPLETED,O000117,U0519,S109,SEOUL_MAPO,KAKAO_PAY,18000,3000,R049,
878,2025-01-24T19:23:04,STORE_ACCEPTED,O000168,U0391,S087,SEOUL_GANGNAM,KAKAO_PAY,28000,1000,,
879,2025-01-24T19:28:04,RIDER_ASSIGNED,O000168,U0391,S087,SEOUL_GANGNAM,KAKAO_PAY,28000,1000,R142,
880,2025-01-24T19:51:04,PICKED_UP,O000168,U0391,S087,SEOUL_GANGNAM,KAKAO_PAY,28000,1000,R142,
881,2025-01-24T20:19:04,DELIVERY_COMPLETED,O000168,U0391,S087,SEOUL_GANGNAM,KAKAO_PAY,28000,1000,R142,
37,2025-01-25T04:20:07,ORDER_CREATED,O000007,U0917,S070,SEOUL_GANGNAM,NAVER_PAY,16000,3000,,
38,2025-01-25T04:20:07,PAYMENT_COMPLETED,O000007,U0917,S070,SEOUL_GANGNAM,NAVER_PAY,16000,3000,,
39,2025-01-25T04:23:07,STORE_ACCEPTED,O000007,U0917,S070,SEOUL_GANGNAM,NAVER_PAY,16000,3000,,
349,2025-01-25T04:25:44,ORDER_CREATED,O000068,U1222,S071,SEOUL_GANGNAM,NAVER_PAY,21000,1000,,
350,2025-01-25T04:26:44,PAYMENT_COMPLETED,O000068,U1222,S071,SEOUL_GANGNAM,NAVER_PAY,21000,1000,,
351,2025-01-25T04:27:44,STORE_ACCEPTED,O000068,U1222,S071,SEOUL_GANGNAM,NAVER_PAY,21000,1000,,
40,2025-01-25T04:32:07,RIDER_ASSIGNED,O000007,U0917,S070,SEOUL_GANGNAM,NAVER_PAY,16000,3000,R144,
352,2025-01-25T04:37:44,RIDER_ASSIGNED,O000068,U1222,S071,SEOUL_GANGNAM,NAVER_PAY,21000,1000,R017,
41,2025-01-25T04:43:07,PICKED_UP,O000007,U0917,S070,SEOUL_GANGNAM,NAVER_PAY,16000,3000,R144,
353,2025-01-25T04:49:44,PICKED_UP,O000068,U1222,S071,SEOUL_GANGNAM,NAVER_PAY,21000,1000,R017,
188,2025-01-25T05:03:43,ORDER_CREATED,O000038,U1166,S109,SEOUL_JONGNO,NAVER_PAY,27000,3000,,
189,2025-01-25T05:05:43,PAYMENT_COMPLETED,O000038,U1166,S109,SEOUL_JONGNO,NAVER_PAY,27000,3000,,
190,2025-01-25T05:06:43,STORE_ACCEPTED,O000038,U1166,S109,SEOUL_JONGNO,NAVER_PAY,27000,3000,,
354,2025-01-25T05:12:44,DELIVERY_COMPLETED,O000068,U1222,S071,SEOUL_GANGNAM,NAVER_PAY,21000,1000,R017,
42,2025-01-25T05:13:07,DELIVERY_COMPLETED,O000007,U0917,S070,SEOUL_GANGNAM,NAVER_PAY,16000,3000,R144,
191,2025-01-25T05:15:43,RIDER_ASSIGNED,O000038,U1166,S109,SEOUL_JONGNO,NAVER_PAY,27000,3000,R187,
192,2025-01-25T05:22:43,PICKED_UP,O000038,U1166,S109,SEOUL_JONGNO,NAVER_PAY,27000,3000,R187,
193,2025-01-25T05:45:43,DELIVERY_COMPLETED,O000038,U1166,S109,SEOUL_JONGNO,NAVER_PAY,27000,3000,R187,
678,2025-01-25T06:55:28,ORDER_CREATED,O000129,U0457,S050,SEOUL_YEONGDEUNGPO,NAVER_PAY,35000,2000,,
679,2025-01-25T06:55:28,PAYMENT_COMPLETED,O000129,U0457,S050,SEOUL_YEONGDEUNGPO,NAVER_PAY,35000,2000,,
680,2025-01-25T07:02:28,STORE_ACCEPTED,O000129,U0457,S050,SEOUL_YEONGDEUNGPO,NAVER_PAY,35000,2000,,
681,2025-01-25T07:08:28,RIDER_ASSIGNED,O000129,U0457,S050,SEOUL_YEONGDEUNGPO,NAVER_PAY,35000,2000,R087,
682,2025-01-25T07:22:28,ORDER_CANCELLED,O000129,U0457,S050,SEOUL_YEONGDEUNGPO,NAVER_PAY,35000,2000,R087,LATE_DELIVERY
489,2025-01-25T10:06:19,ORDER_CREATED,O000093,U0084,S073,SEOUL_YEONGDEUNGPO,CASH,25000,4000,,
490,2025-01-25T10:07:19,PAYMENT_COMPLETED,O000093,U0084,S073,SEOUL_YEONGDEUNGPO,CASH,25000,4000,,
491,2025-01-25T10:08:19,STORE_ACCEPTED,O000093,U0084,S073,SEOUL_YEONGDEUNGPO,CASH,25000,4000,,
492,2025-01-25T10:12:19,RIDER_ASSIGNED,O000093,U0084,S073,SEOUL_YEONGDEUNGPO,CASH,25000,4000,R040,
493,2025-01-25T10:28:19,PICKED_UP,O000093,U0084,S073,SEOUL_YEONGDEUNGPO,CASH,25000,4000,R040,
494,2025-01-25T10:42:19,DELIVERY_COMPLETED,O000093,U0084,S073,SEOUL_YEONGDEUNGPO,CASH,25000,4000,R040,
25,2025-01-25T14:05:37,ORDER_CREATED,O000005,U1389,S018,SEOUL_YEONGDEUNGPO,KAKAO_PAY,22000,3000,,
26,2025-01-25T14:05:37,PAYMENT_COMPLETED,O000005,U1389,S018,SEOUL_YEONGDEUNGPO,KAKAO_PAY,22000,3000,,
27,2025-01-25T14:09:37,STORE_ACCEPTED,O000005,U1389,S018,SEOUL_YEONGDEUNGPO,KAKAO_PAY,22000,3000,,
28,2025-01-25T14:18:37,RIDER_ASSIGNED,O000005,U1389,S018,SEOUL_YEONGDEUNGPO,KAKAO_PAY,22000,3000,R050,
29,2025-01-25T14:34:37,PICKED_UP,O000005,U1389,S018,SEOUL_YEONGDEUNGPO,KAKAO_PAY,22000,3000,R050,
30,2025-01-25T14:57:37,DELIVERY_COMPLETED,O000005,U1389,S018,SEOUL_YEONGDEUNGPO,KAKAO_PAY,22000,3000,R050,
206,2025-01-25T15:45:02,ORDER_CREATED,O000041,U1305,S086,SEOUL_GANGNAM,NAVER_PAY,27000,2000,,
207,2025-01-25T15:46:02,PAYMENT_COMPLETED,O000041,U1305,S086,SEOUL_GANGNAM,NAVER_PAY,27000,2000,,
208,2025-01-25T15:52:02,STORE_ACCEPTED,O000041,U1305,S086,SEOUL_GANGNAM,NAVER_PAY,27000,2000,,
209,2025-01-25T15:54:02,RIDER_ASSIGNED,O000041,U1305,S086,SEOUL_GANGNAM,NAVER_PAY,27000,2000,R167,
210,2025-01-25T16:03:02,PICKED_UP,O000041,U1305,S086,SEOUL_GANGNAM,NAVER_PAY,27000,2000,R167,
211,2025-01-25T16:28:02,DELIVERY_COMPLETED,O000041,U1305,S086,SEOUL_GANGNAM,NAVER_PAY,27000,2000,R167,
659,2025-01-25T20:03:02,ORDER_CREATED,O000125,U1454,S066,SEOUL_SEONGSU,KAKAO_PAY,24000,3000,,
660,2025-01-25T20:05:02,PAYMENT_COMPLETED,O000125,U1454,S066,SEOUL_SEONGSU,KAKAO_PAY,24000,3000,,
661,2025-01-25T20:16:02,STORE_ACCEPTED,O000125,U1454,S066,SEOUL_SEONGSU,KAKAO_PAY,24000,3000,,
662,2025-01-25T20:23:02,RIDER_ASSIGNED,O000125,U1454,S066,SEOUL_SEONGSU,KAKAO_PAY,24000,3000,R036,
663,2025-01-25T20:35:02,PICKED_UP,O000125,U1454,S066,SEOUL_SEONGSU,KAKAO_PAY,24000,3000,R036,
664,2025-01-25T20:55:02,DELIVERY_COMPLETED,O000125,U1454,S066,SEOUL_SEONGSU,KAKAO_PAY,24000,3000,R036,
991,2025-01-25T23:09:26,ORDER_CREATED,O000190,U0566,S078,SEOUL_JONGNO,CARD,23000,3000,,
992,2025-01-25T23:12:26,ORDER_CANCELLED,O000190,U0566,S078,SEOUL_JONGNO,CARD,23000,3000,,USER_CHANGED_MIND
993,2025-01-25T23:13:16,ORDER_CREATED,O000191,U0881,S082,SEOUL_SEONGSU,KAKAO_PAY,23000,3000,,
994,2025-01-25T23:15:16,PAYMENT_COMPLETED,O000191,U0881,S082,SEOUL_SEONGSU,KAKAO_PAY,23000,3000,,
995,2025-01-25T23:16:16,STORE_ACCEPTED,O000191,U0881,S082,SEOUL_SEONGSU,KAKAO_PAY,23000,3000,,
996,2025-01-25T23:23:16,RIDER_ASSIGNED,O000191,U0881,S082,SEOUL_SEONGSU,KAKAO_PAY,23000,3000,R108,
997,2025-01-25T23:34:16,PICKED_UP,O000191,U0881,S082,SEOUL_SEONGSU,KAKAO_PAY,23000,3000,R108,
998,2025-01-26T00:03:16,DELIVERY_COMPLETED,O000191,U0881,S082,SEOUL_SEONGSU,KAKAO_PAY,23000,3000,R108,
637,2025-01-26T01:26:25,ORDER_CREATED,O000121,U0694,S114,SEOUL_MAPO,CARD,18000,0,,
638,2025-01-26T01:26:25,PAYMENT_COMPLETED,O000121,U0694,S114,SEOUL_MAPO,CARD,18000,0,,
639,2025-01-26T01:29:25,STORE_ACCEPTED,O000121,U0694,S114,SEOUL_MAPO,CARD,18000,0,,
640,2025-01-26T01:38:25,RIDER_ASSIGNED,O000121,U0694,S114,SEOUL_MAPO,CARD,18000,0,R175,
641,2025-01-26T01:48:25,PICKED_UP,O000121,U0694,S114,SEOUL_MAPO,CARD,18000,0,R175,
642,2025-01-26T02:04:25,DELIVERY_COMPLETED,O000121,U0694,S114,SEOUL_MAPO,CARD,18000,0,R175,
649,2025-01-26T02:13:05,ORDER_CREATED,O000123,U0582,S092,SEOUL_YEONGDEUNGPO,KAKAO_PAY,17000,1000,,
650,2025-01-26T02:13:05,PAYMENT_COMPLETED,O000123,U0582,S092,SEOUL_YEONGDEUNGPO,KAKAO_PAY,17000,1000,,
651,2025-01-26T02:16:05,STORE_ACCEPTED,O000123,U0582,S092,SEOUL_YEONGDEUNGPO,KAKAO_PAY,17000,1000,,
652,2025-01-26T02:23:05,RIDER_ASSIGNED,O000123,U0582,S092,SEOUL_YEONGDEUNGPO,KAKAO_PAY,17000,1000,R047,
653,2025-01-26T02:41:05,PICKED_UP,O000123,U0582,S092,SEOUL_YEONGDEUNGPO,KAKAO_PAY,17000,1000,R047,
1001,2025-01-26T02:52:57,ORDER_CREATED,O000193,U0280,S048,SEOUL_SEONGSU,KAKAO_PAY,33000,3000,,
1002,2025-01-26T02:53:57,PAYMENT_COMPLETED,O000193,U0280,S048,SEOUL_SEONGSU,KAKAO_PAY,33000,3000,,
654,2025-01-26T02:56:05,DELIVERY_COMPLETED,O000123,U0582,S092,SEOUL_YEONGDEUNGPO,KAKAO_PAY,17000,1000,R047,
1003,2025-01-26T03:00:57,STORE_ACCEPTED,O000193,U0280,S048,SEOUL_SEONGSU,KAKAO_PAY,33000,3000,,
1004,2025-01-26T03:10:57,RIDER_ASSIGNED,O000193,U0280,S048,SEOUL_SEONGSU,KAKAO_PAY,33000,3000,R114,
1005,2025-01-26T03:25:57,PICKED_UP,O000193,U0280,S048,SEOUL_SEONGSU,KAKAO_PAY,33000,3000,R114,
1006,2025-01-26T03:55:57,DELIVERY_COMPLETED,O000193,U0280,S048,SEOUL_SEONGSU,KAKAO_PAY,33000,3000,R114,
234,2025-01-26T06:27:20,ORDER_CREATED,O000046,U0703,S003,SEOUL_SEONGSU,CARD,43000,3000,,
235,2025-01-26T06:28:20,PAYMENT_COMPLETED,O000046,U0703,S003,SEOUL_SEONGSU,CARD,43000,3000,,
236,2025-01-26T06:34:20,STORE_ACCEPTED,O000046,U0703,S003,SEOUL_SEONGSU,CARD,43000,3000,,
237,2025-01-26T06:39:20,RIDER_ASSIGNED,O000046,U0703,S003,SEOUL_SEONGSU,CARD,43000,3000,R150,
238,2025-01-26T06:57:20,PICKED_UP,O000046,U0703,S003,SEOUL_SEONGSU,CARD,43000,3000,R150,
689,2025-01-26T07:07:42,ORDER_CREATED,O000131,U1223,S053,SEOUL_MAPO,CARD,12000,3000,,
690,2025-01-26T07:09:42,PAYMENT_COMPLETED,O000131,U1223,S053,SEOUL_MAPO,CARD,12000,3000,,
239,2025-01-26T07:23:20,DELIVERY_COMPLETED,O000046,U0703,S003,SEOUL_SEONGSU,CARD,43000,3000,R150,
89,2025-01-26T17:42:43,ORDER_CREATED,O000018,U0897,S084,SEOUL_SEONGSU,KAKAO_PAY,20000,2000,,
90,2025-01-26T17:48:43,ORDER_CANCELLED,O000018,U0897,S084,SEOUL_SEONGSU,KAKAO_PAY,20000,2000,,USER_CHANGED_MIND
559,2025-01-26T20:19:12,ORDER_CREATED,O000106,U0602,S017,SEOUL_JONGNO,KAKAO_PAY,30000,3000,,
560,2025-01-26T20:19:12,PAYMENT_COMPLETED,O000106,U0602,S017,SEOUL_JONGNO,KAKAO_PAY,30000,3000,,
561,2025-01-26T20:25:12,STORE_ACCEPTED,O000106,U0602,S017,SEOUL_JONGNO,KAKAO_PAY,30000,3000,,
562,2025-01-26T20:41:12,RIDER_ASSIGNED,O000106,U0602,S017,SEOUL_JONGNO,KAKAO_PAY,30000,3000,R079,
563,2025-01-26T20:53:12,PICKED_UP,O000106,U0602,S017,SEOUL_JONGNO,KAKAO_PAY,30000,3000,R079,
564,2025-01-26T21:31:12,DELIVERY_COMPLETED,O000106,U0602,S017,SEOUL_JONGNO,KAKAO_PAY,30000,3000,R079,
697,2025-01-26T23:02:15,ORDER_CREATED,O000133,U0727,S084,SEOUL_YEONGDEUNGPO,CARD,21000,4000,,
698,2025-01-26T23:03:15,PAYMENT_COMPLETED,O000133,U0727,S084,SEOUL_YEONGDEUNGPO,CARD,21000,4000,,
699,2025-01-26T23:06:15,STORE_ACCEPTED,O000133,U0727,S084,SEOUL_YEONGDEUNGPO,CARD,21000,4000,,
700,2025-01-26T23:14:15,RIDER_ASSIGNED,O000133,U0727,S084,SEOUL_YEONGDEUNGPO,CARD,21000,4000,R039,
701,2025-01-26T23:27:15,PICKED_UP,O000133,U0727,S084,SEOUL_YEONGDEUNGPO,CARD,21000,4000,R039,
702,2025-01-26T23:51:15,DELIVERY_COMPLETED,O000133,U0727,S084,SEOUL_YEONGDEUNGPO,CARD,21000,4000,R039,
676,2025-01-27T00:22:34,ORDER_CREATED,O000128,U0938,S096,SEOUL_JONGNO,KAKAO_PAY,36000,5000,,
677,2025-01-27T00:25:34,ORDER_CANCELLED,O000128,U0938,S096,SEOUL_JONGNO,KAKAO_PAY,36000,5000,,USER_CHANGED_MIND
240,2025-01-27T01:50:42,ORDER_CREATED,O000047,U1429,S043,SEOUL_MAPO,CARD,23000,4000,,
241,2025-01-27T01:50:42,PAYMENT_COMPLETED,O000047,U1429,S043,SEOUL_MAPO,CARD,23000,4000,,
242,2025-01-27T01:55:42,STORE_ACCEPTED,O000047,U1429,S043,SEOUL_MAPO,CARD,23000,4000,,
243,2025-01-27T01:57:42,RIDER_ASSIGNED,O000047,U1429,S043,SEOUL_MAPO,CARD,23000,4000,R152,
244,2025-01-27T02:01:42,ORDER_CANCELLED,O000047,U1429,S043,SEOUL_MAPO,CARD,23000,4000,R152,LATE_DELIVERY
176,2025-01-27T03:38:02,ORDER_CREATED,O000036,U1387,S018,SEOUL_JAMSIL,CARD,34000,0,,
177,2025-01-27T03:38:02,PAYMENT_COMPLETED,O000036,U1387,S018,SEOUL_JAMSIL,CARD,34000,0,,
178,2025-01-27T03:43:02,STORE_ACCEPTED,O000036,U1387,S018,SEOUL_JAMSIL,CARD,34000,0,,
179,2025-01-27T03:52:02,RIDER_ASSIGNED,O000036,U1387,S018,SEOUL_JAMSIL,CARD,34000,0,R155,
180,2025-01-27T04:09:02,PICKED_UP,O000036,U1387,S018,SEOUL_JAMSIL,CARD,34000,0,R155,
181,2025-01-27T04:37:02,DELIVERY_COMPLETED,O000036,U1387,S018,SEOUL_JAMSIL,CARD,34000,0,R155,
113,2025-01-27T14:30:34,ORDER_CREATED,O000024,U1399,S106,SEOUL_SEONGSU,CARD,26000,3000,,
114,2025-01-27T14:31:34,PAYMENT_COMPLETED,O000024,U1399,S106,SEOUL_SEONGSU,CARD,26000,3000,,
115,2025-01-27T14:35:34,STORE_ACCEPTED,O000024,U1399,S106,SEOUL_SEONGSU,CARD,26000,3000,,
116,2025-01-27T14:41:34,RIDER_ASSIGNED,O000024,U1399,S106,SEOUL_SEONGSU,CARD,26000,3000,R006,
964,2025-01-27T14:42:18,ORDER_CREATED,O000185,U0293,S100,SEOUL_JONGNO,CARD,27000,3000,,
965,2025-01-27T14:44:18,PAYMENT_COMPLETED,O000185,U0293,S100,SEOUL_JONGNO,CARD,27000,3000,,
966,2025-01-27T14:49:18,STORE_ACCEPTED,O000185,U0293,S100,SEOUL_JONGNO,CARD,27000,3000,,
117,2025-01-27T14:56:34,PICKED_UP,O000024,U1399,S106,SEOUL_SEONGSU,CARD,26000,3000,R006,
967,2025-01-27T14:58:18,RIDER_ASSIGNED,O000185,U0293,S100,SEOUL_JONGNO,CARD,27000,3000,R029,
968,2025-01-27T15:03:18,PICKED_UP,O000185,U0293,S100,SEOUL_JONGNO,CARD,27000,3000,R029,
969,2025-01-27T15:15:18,DELIVERY_COMPLETED,O000185,U0293,S100,SEOUL_JONGNO,CARD,27000,3000,R029,
118,2025-01-27T15:28:34,DELIVERY_COMPLETED,O000024,U1399,S106,SEOUL_SEONGSU,CARD,26000,3000,R006,
1007,2025-01-27T18:44:22,ORDER_CREATED,O000194,U0785,S009,SEOUL_MAPO,CARD,41000,2000,,
1008,2025-01-27T18:45:22,PAYMENT_COMPLETED,O000194,U0785,S009,SEOUL_MAPO,CARD,41000,2000,,
1009,2025-01-27T18:59:22,STORE_ACCEPTED,O000194,U0785,S009,SEOUL_MAPO,CARD,41000,2000,,
1010,2025-01-27T19:04:22,RIDER_ASSIGNED,O000194,U0785,S009,SEOUL_MAPO,CARD,41000,2000,R155,
1011,2025-01-27T19:24:22,PICKED_UP,O000194,U0785,S009,SEOUL_MAPO,CARD,41000,2000,R155,
1012,2025-01-27T19:58:22,DELIVERY_COMPLETED,O000194,U0785,S009,SEOUL_MAPO,CARD,41000,2000,R155,
940,2025-01-27T20:01:02,ORDER_CREATED,O000180,U1427,S028,SEOUL_YEONGDEUNGPO,NAVER_PAY,14000,3000,,
941,2025-01-27T20:01:02,PAYMENT_COMPLETED,O000180,U1427,S028,SEOUL_YEONGDEUNGPO,NAVER_PAY,14000,3000,,
942,2025-01-27T20:04:02,STORE_ACCEPTED,O000180,U1427,S028,SEOUL_YEONGDEUNGPO,NAVER_PAY,14000,3000,,
943,2025-01-27T20:10:02,RIDER_ASSIGNED,O000180,U1427,S028,SEOUL_YEONGDEUNGPO,NAVER_PAY,14000,3000,R096,
944,2025-01-27T20:26:02,PICKED_UP,O000180,U1427,S028,SEOUL_YEONGDEUNGPO,NAVER_PAY,14000,3000,R096,
945,2025-01-27T20:46:02,DELIVERY_COMPLETED,O000180,U1427,S028,SEOUL_YEONGDEUNGPO,NAVER_PAY,14000,3000,R096,
962,2025-01-28T05:54:45,ORDER_CREATED,O000184,U1468,S036,SEOUL_SEONGSU,NAVER_PAY,34000,2000,,
963,2025-01-28T05:54:45,PAYMENT_COMPLETED,O000184,U1468,S036,SEOUL_SEONGSU,NAVER_PAY,34000,2000,,
582,2025-01-28T06:34:57,ORDER_CREATED,O000110,U0032,S117,SEOUL_GANGNAM,CARD,22000,3000,,
583,2025-01-28T06:35:57,PAYMENT_COMPLETED,O000110,U0032,S117,SEOUL_GANGNAM,CARD,22000,3000,,
584,2025-01-28T06:43:57,STORE_ACCEPTED,O000110,U0032,S117,SEOUL_GANGNAM,CARD,22000,3000,,
585,2025-01-28T06:51:57,RIDER_ASSIGNED,O000110,U0032,S117,SEOUL_GANGNAM,CARD,22000,3000,R070,
289,2025-01-28T12:23:19,ORDER_CREATED,O000058,U0282,S109,SEOUL_JONGNO,CARD,19000,4000,,
290,2025-01-28T12:25:19,PAYMENT_COMPLETED,O000058,U0282,S109,SEOUL_JONGNO,CARD,19000,4000,,
291,2025-01-28T12:40:19,STORE_ACCEPTED,O000058,U0282,S109,SEOUL_JONGNO,CARD,19000,4000,,
447,2025-01-28T12:42:27,ORDER_CREATED,O000086,U0463,S070,SEOUL_GANGNAM,KAKAO_PAY,32000,1000,,
448,2025-01-28T12:43:27,PAYMENT_COMPLETED,O000086,U0463,S070,SEOUL_GANGNAM,KAKAO_PAY,32000,1000,,
292,2025-01-28T12:45:19,RIDER_ASSIGNED,O000058,U0282,S109,SEOUL_JONGNO,CARD,19000,4000,R179,
449,2025-01-28T12:50:27,STORE_ACCEPTED,O000086,U0463,S070,SEOUL_GANGNAM,KAKAO_PAY,32000,1000,,
293,2025-01-28T12:56:19,PICKED_UP,O000058,U0282,S109,SEOUL_JONGNO,CARD,19000,4000,R179,
450,2025-01-28T13:07:27,RIDER_ASSIGNED,O000086,U0463,S070,SEOUL_GANGNAM,KAKAO_PAY,32000,1000,R122,
451,2025-01-28T13:27:27,PICKED_UP,O000086,U0463,S070,SEOUL_GANGNAM,KAKAO_PAY,32000,1000,R122,
294,2025-01-28T13:39:19,DELIVERY_COMPLETED,O000058,U0282,S109,SEOUL_JONGNO,CARD,19000,4000,R179,
452,2025-01-28T13:48:27,DELIVERY_COMPLETED,O000086,U0463,S070,SEOUL_GANGNAM,KAKAO_PAY,32000,1000,R122,
182,2025-01-28T21:47:27,ORDER_CREATED,O000037,U1162,S091,SEOUL_YEONGDEUNGPO,CARD,22000,3000,,
183,2025-01-28T21:49:27,PAYMENT_COMPLETED,O000037,U1162,S091,SEOUL_YEONGDEUNGPO,CARD,22000,3000,,
184,2025-01-28T21:53:27,STORE_ACCEPTED,O000037,U1162,S091,SEOUL_YEONGDEUNGPO,CARD,22000,3000,,
185,2025-01-28T22:02:27,RIDER_ASSIGNED,O000037,U1162,S091,SEOUL_YEONGDEUNGPO,CARD,22000,3000,R172,
186,2025-01-28T22:07:27,PICKED_UP,O000037,U1162,S091,SEOUL_YEONGDEUNGPO,CARD,22000,3000,R172,
187,2025-01-28T22:34:27,DELIVERY_COMPLETED,O000037,U1162,S091,SEOUL_YEONGDEUNGPO,CARD,22000,3000,R172,
956,2025-01-29T01:05:57,ORDER_CREATED,O000183,U0066,S100,SEOUL_MAPO,KAKAO_PAY,30000,2000,,
957,2025-01-29T01:06:57,PAYMENT_COMPLETED,O000183,U0066,S100,SEOUL_MAPO,KAKAO_PAY,30000,2000,,
958,2025-01-29T01:13:57,STORE_ACCEPTED,O000183,U0066,S100,SEOUL_MAPO,KAKAO_PAY,30000,2000,,
959,2025-01-29T01:19:57,RIDER_ASSIGNED,O000183,U0066,S100,SEOUL_MAPO,KAKAO_PAY,30000,2000,R023,
960,2025-01-29T01:28:57,PICKED_UP,O000183,U0066,S100,SEOUL_MAPO,KAKAO_PAY,30000,2000,R023,
961,2025-01-29T01:54:57,DELIVERY_COMPLETED,O000183,U0066,S100,SEOUL_MAPO,KAKAO_PAY,30000,2000,R023,
1025,2025-01-29T08:47:33,ORDER_CREATED,O000197,U0899,S008,SEOUL_JONGNO,CARD,30000,4000,,
1026,2025-01-29T08:48:33,PAYMENT_COMPLETED,O000197,U0899,S008,SEOUL_JONGNO,CARD,30000,4000,,
1027,2025-01-29T08:52:33,STORE_ACCEPTED,O000197,U0899,S008,SEOUL_JONGNO,CARD,30000,4000,,
1028,2025-01-29T08:55:33,RIDER_ASSIGNED,O000197,U0899,S008,SEOUL_JONGNO,CARD,30000,4000,R177,
1029,2025-01-29T09:09:33,PICKED_UP,O000197,U0899,S008,SEOUL_JONGNO,CARD,30000,4000,R177,
1030,2025-01-29T09:30:33,DELIVERY_COMPLETED,O000197,U0899,S008,SEOUL_JONGNO,CARD,30000,4000,R177,
534,2025-01-29T12:21:50,ORDER_CREATED,O000101,U1262,S003,SEOUL_MAPO,KAKAO_PAY,24000,2000,,
535,2025-01-29T12:23:50,PAYMENT_COMPLETED,O000101,U1262,S003,SEOUL_MAPO,KAKAO_PAY,24000,2000,,
1031,2025-01-29T12:31:19,ORDER_CREATED,O000198,U0602,S095,SEOUL_YEONGDEUNGPO,NAVER_PAY,22000,1000,,
1032,2025-01-29T12:31:19,PAYMENT_COMPLETED,O000198,U0602,S095,SEOUL_YEONGDEUNGPO,NAVER_PAY,22000,1000,,
536,2025-01-29T12:33:50,STORE_ACCEPTED,O000101,U1262,S003,SEOUL_MAPO,KAKAO_PAY,24000,2000,,
1033,2025-01-29T12:38:19,STORE_ACCEPTED,O000198,U0602,S095,SEOUL_YEONGDEUNGPO,NAVER_PAY,22000,1000,,
1034,2025-01-29T12:53:19,RIDER_ASSIGNED,O000198,U0602,S095,SEOUL_YEONGDEUNGPO,NAVER_PAY,22000,1000,R028,
537,2025-01-29T12:53:50,RIDER_ASSIGNED,O000101,U1262,S003,SEOUL_MAPO,KAKAO_PAY,24000,2000,R134,
137,2025-01-29T12:57:25,ORDER_CREATED,O000029,U0524,S087,SEOUL_MAPO,NAVER_PAY,21000,2000,,
138,2025-01-29T12:59:25,PAYMENT_COMPLETED,O000029,U0524,S087,SEOUL_MAPO,NAVER_PAY,21000,2000,,
139,2025-01-29T13:02:25,STORE_ACCEPTED,O000029,U0524,S087,SEOUL_MAPO,NAVER_PAY,21000,2000,,
1035,2025-01-29T13:03:19,PICKED_UP,O000198,U0602,S095,SEOUL_YEONGDEUNGPO,NAVER_PAY,22000,1000,R028,
538,2025-01-29T13:04:50,PICKED_UP,O000101,U1262,S003,SEOUL_MAPO,KAKAO_PAY,24000,2000,R134,
140,2025-01-29T13:22:25,RIDER_ASSIGNED,O000029,U0524,S087,SEOUL_MAPO,NAVER_PAY,21000,2000,R005,
539,2025-01-29T13:34:50,DELIVERY_COMPLETED,O000101,U1262,S003,SEOUL_MAPO,KAKAO_PAY,24000,2000,R134,
141,2025-01-29T13:38:25,PICKED_UP,O000029,U0524,S087,SEOUL_MAPO,NAVER_PAY,21000,2000,R005,
1036,2025-01-29T13:46:19,DELIVERY_COMPLETED,O000198,U0602,S095,SEOUL_YEONGDEUNGPO,NAVER_PAY,22000,1000,R028,
142,2025-01-29T14:09:25,DELIVERY_COMPLETED,O000029,U0524,S087,SEOUL_MAPO,NAVER_PAY,21000,2000,R005,
388,2025-01-29T17:00:20,ORDER_CREATED,O000075,U0230,S027,SEOUL_YEONGDEUNGPO,CARD,27000,2000,,
389,2025-01-29T17:02:20,PAYMENT_COMPLETED,O000075,U0230,S027,SEOUL_YEONGDEUNGPO,CARD,27000,2000,,
390,2025-01-29T17:03:20,STORE_ACCEPTED,O000075,U0230,S027,SEOUL_YEONGDEUNGPO,CARD,27000,2000,,
391,2025-01-29T17:07:20,RIDER_ASSIGNED,O000075,U0230,S027,SEOUL_YEONGDEUNGPO,CARD,27000,2000,R098,
392,2025-01-29T17:27:20,PICKED_UP,O000075,U0230,S027,SEOUL_YEONGDEUNGPO,CARD,27000,2000,R098,
393,2025-01-29T17:42:20,DELIVERY_COMPLETED,O000075,U0230,S027,SEOUL_YEONGDEUNGPO,CARD,27000,2000,R098,
49,2025-01-29T19:53:43,ORDER_CREATED,O000009,U0164,S110,SEOUL_SEONGSU,CASH,21000,4000,,
50,2025-01-29T19:55:43,PAYMENT_COMPLETED,O000009,U0164,S110,SEOUL_SEONGSU,CASH,21000,4000,,
51,2025-01-29T20:05:43,STORE_ACCEPTED,O000009,U0164,S110,SEOUL_SEONGSU,CASH,21000,4000,,
52,2025-01-29T20:16:43,RIDER_ASSIGNED,O000009,U0164,S110,SEOUL_SEONGSU,CASH,21000,4000,R155,
53,2025-01-29T20:30:43,PICKED_UP,O000009,U0164,S110,SEOUL_SEONGSU,CASH,21000,4000,R155,
54,2025-01-29T21:15:43,DELIVERY_COMPLETED,O000009,U0164,S110,SEOUL_SEONGSU,CASH,21000,4000,R155,
307,2025-01-30T00:59:12,ORDER_CREATED,O000061,U0473,S090,SEOUL_JAMSIL,NAVER_PAY,26000,0,,
308,2025-01-30T01:00:12,PAYMENT_COMPLETED,O000061,U0473,S090,SEOUL_JAMSIL,NAVER_PAY,26000,0,,
309,2025-01-30T01:08:12,STORE_ACCEPTED,O000061,U0473,S090,SEOUL_JAMSIL,NAVER_PAY,26000,0,,
310,2025-01-30T01:18:12,RIDER_ASSIGNED,O000061,U0473,S090,SEOUL_JAMSIL,NAVER_PAY,26000,0,R041,
311,2025-01-30T01:31:12,PICKED_UP,O000061,U0473,S090,SEOUL_JAMSIL,NAVER_PAY,26000,0,R041,
312,2025-01-30T01:50:12,DELIVERY_COMPLETED,O000061,U0473,S090,SEOUL_JAMSIL,NAVER_PAY,26000,0,R041,
774,2025-01-30T02:47:27,ORDER_CREATED,O000146,U0052,S057,SEOUL_SEONGSU,KAKAO_PAY,22000,2000,,
775,2025-01-30T02:47:27,PAYMENT_COMPLETED,O000146,U0052,S057,SEOUL_SEONGSU,KAKAO_PAY,22000,2000,,
776,2025-01-30T02:51:27,STORE_ACCEPTED,O000146,U0052,S057,SEOUL_SEONGSU,KAKAO_PAY,22000,2000,,
777,2025-01-30T02:57:27,RIDER_ASSIGNED,O000146,U0052,S057,SEOUL_SEONGSU,KAKAO_PAY,22000,2000,R136,
778,2025-01-30T03:10:27,ORDER_CANCELLED,O000146,U0052,S057,SEOUL_SEONGSU,KAKAO_PAY,22000,2000,R136,STORE_REJECTED
483,2025-01-30T05:09:13,ORDER_CREATED,O000092,U0661,S067,SEOUL_JAMSIL,KAKAO_PAY,29000,2000,,
484,2025-01-30T05:09:13,PAYMENT_COMPLETED,O000092,U0661,S067,SEOUL_JAMSIL,KAKAO_PAY,29000,2000,,
485,2025-01-30T05:13:13,STORE_ACCEPTED,O000092,U0661,S067,SEOUL_JAMSIL,KAKAO_PAY,29000,2000,,
486,2025-01-30T05:22:13,RIDER_ASSIGNED,O000092,U0661,S067,SEOUL_JAMSIL,KAKAO_PAY,29000,2000,R118,
487,2025-01-30T05:37:13,PICKED_UP,O000092,U0661,S067,SEOUL_JAMSIL,KAKAO_PAY,29000,2000,R118,
55,2025-01-30T05:48:14,ORDER_CREATED,O000010,U0984,S058,SEOUL_JAMSIL,KAKAO_PAY,22000,2000,,
56,2025-01-30T05:49:14,PAYMENT_COMPLETED,O000010,U0984,S058,SEOUL_JAMSIL,KAKAO_PAY,22000,2000,,
57,2025-01-30T05:55:14,STORE_ACCEPTED,O000010,U0984,S058,SEOUL_JAMSIL,KAKAO_PAY,22000,2000,,
58,2025-01-30T06:00:14,RIDER_ASSIGNED,O000010,U0984,S058,SEOUL_JAMSIL,KAKAO_PAY,22000,2000,R027,
488,2025-01-30T06:05:13,DELIVERY_COMPLETED,O000092,U0661,S067,SEOUL_JAMSIL,KAKAO_PAY,29000,2000,R118,
373,2025-01-30T06:07:19,ORDER_CREATED,O000072,U0983,S027,SEOUL_MAPO,CARD,16000,3000,,
374,2025-01-30T06:07:19,PAYMENT_COMPLETED,O000072,U0983,S027,SEOUL_MAPO,CARD,16000,3000,,
375,2025-01-30T06:17:19,ORDER_CANCELLED,O000072,U0983,S027,SEOUL_MAPO,CARD,16000,3000,,USER_CHANGED_MIND
59,2025-01-30T06:18:14,PICKED_UP,O000010,U0984,S058,SEOUL_JAMSIL,KAKAO_PAY,22000,2000,R027,
276,2025-01-30T06:21:42,ORDER_CREATED,O000054,U1169,S078,SEOUL_GANGNAM,KAKAO_PAY,27000,3000,,
277,2025-01-30T06:22:42,PAYMENT_COMPLETED,O000054,U1169,S078,SEOUL_GANGNAM,KAKAO_PAY,27000,3000,,
278,2025-01-30T06:28:42,STORE_ACCEPTED,O000054,U1169,S078,SEOUL_GANGNAM,KAKAO_PAY,27000,3000,,
60,2025-01-30T06:31:14,DELIVERY_COMPLETED,O000010,U0984,S058,SEOUL_JAMSIL,KAKAO_PAY,22000,2000,R027,
83,2025-01-30T10:00:18,ORDER_CREATED,O000016,U1251,S100,SEOUL_SEONGSU,KAKAO_PAY,35000,3000,,
84,2025-01-30T10:07:18,ORDER_CANCELLED,O000016,U1251,S100,SEOUL_SEONGSU,KAKAO_PAY,35000,3000,,USER_CHANGED_MIND
367,2025-01-30T16:25:57,ORDER_CREATED,O000071,U0650,S119,SEOUL_JAMSIL,CARD,13000,3000,,
368,2025-01-30T16:26:57,PAYMENT_COMPLETED,O000071,U0650,S119,SEOUL_JAMSIL,CARD,13000,3000,,
369,2025-01-30T16:27:57,STORE_ACCEPTED,O000071,U0650,S119,SEOUL_JAMSIL,CARD,13000,3000,,
370,2025-01-30T16:33:57,RIDER_ASSIGNED,O000071,U0650,S119,SEOUL_JAMSIL,CARD,13000,3000,R095,
371,2025-01-30T16:45:57,PICKED_UP,O000071,U0650,S119,SEOUL_JAMSIL,CARD,13000,3000,R095,
372,2025-01-30T17:00:57,DELIVERY_COMPLETED,O000071,U0650,S119,SEOUL_JAMSIL,CARD,13000,3000,R095,
691,2025-01-30T20:07:55,ORDER_CREATED,O000132,U1356,S012,SEOUL_MAPO,CARD,19000,4000,,
692,2025-01-30T20:08:55,PAYMENT_COMPLETED,O000132,U1356,S012,SEOUL_MAPO,CARD,19000,4000,,
693,2025-01-30T20:23:55,STORE_ACCEPTED,O000132,U1356,S012,SEOUL_MAPO,CARD,19000,4000,,
694,2025-01-30T20:40:55,RIDER_ASSIGNED,O000132,U1356,S012,SEOUL_MAPO,CARD,19000,4000,R124,
695,2025-01-30T21:00:55,PICKED_UP,O000132,U1356,S012,SEOUL_MAPO,CARD,19000,4000,R124,
696,2025-01-30T21:17:55,DELIVERY_COMPLETED,O000132,U1356,S012,SEOUL_MAPO,CARD,19000,4000,R124,
610,2025-01-31T03:02:05,ORDER_CREATED,O000116,U0108,S022,SEOUL_YEONGDEUNGPO,NAVER_PAY,26000,5000,,
611,2025-01-31T03:02:05,PAYMENT_COMPLETED,O000116,U0108,S022,SEOUL_YEONGDEUNGPO,NAVER_PAY,26000,5000,,
612,2025-01-31T03:06:05,STORE_ACCEPTED,O000116,U0108,S022,SEOUL_YEONGDEUNGPO,NAVER_PAY,26000,5000,,
613,2025-01-31T03:09:05,RIDER_ASSIGNED,O000116,U0108,S022,SEOUL_YEONGDEUNGPO,NAVER_PAY,26000,5000,R145,
614,2025-01-31T03:16:05,PICKED_UP,O000116,U0108,S022,SEOUL_YEONGDEUNGPO,NAVER_PAY,26000,5000,R145,
615,2025-01-31T03:32:05,DELIVERY_COMPLETED,O000116,U0108,S022,SEOUL_YEONGDEUNGPO,NAVER_PAY,26000,5000,R145,
465,2025-01-31T04:18:08,ORDER_CREATED,O000089,U1020,S023,SEOUL_JAMSIL,CASH,26000,2000,,
466,2025-01-31T04:18:08,PAYMENT_COMPLETED,O000089,U1020,S023,SEOUL_JAMSIL,CASH,26000,2000,,
467,2025-01-31T04:20:08,STORE_ACCEPTED,O000089,U1020,S023,SEOUL_JAMSIL,CASH,26000,2000,,
468,2025-01-31T04:30:08,RIDER_ASSIGNED,O000089,U1020,S023,SEOUL_JAMSIL,CASH,26000,2000,R012,
469,2025-01-31T04:48:08,PICKED_UP,O000089,U1020,S023,SEOUL_JAMSIL,CASH,26000,2000,R012,
470,2025-01-31T05:04:08,DELIVERY_COMPLETED,O000089,U1020,S023,SEOUL_JAMSIL,CASH,26000,2000,R012,
794,2025-01-31T07:23:11,ORDER_CREATED,O000151,U0592,S030,SEOUL_SEONGSU,CARD,30000,2000,,
795,2025-01-31T07:23:11,PAYMENT_COMPLETED,O000151,U0592,S030,SEOUL_SEONGSU,CARD,30000,2000,,
796,2025-01-31T07:30:11,ORDER_CANCELLED,O000151,U0592,S030,SEOUL_SEONGSU,CARD,30000,2000,,PAYMENT_FAILED
625,2025-01-31T15:19:50,ORDER_CREATED,O000119,U0071,S112,SEOUL_MAPO,KAKAO_PAY,22000,2000,,
626,2025-01-31T15:19:50,PAYMENT_COMPLETED,O000119,U0071,S112,SEOUL_MAPO,KAKAO_PAY,22000,2000,,
627,2025-01-31T15:27:50,STORE_ACCEPTED,O000119,U0071,S112,SEOUL_MAPO,KAKAO_PAY,22000,2000,,
628,2025-01-31T15:29:50,RIDER_ASSIGNED,O000119,U0071,S112,SEOUL_MAPO,KAKAO_PAY,22000,2000,R194,
629,2025-01-31T15:34:50,PICKED_UP,O000119,U0071,S112,SEOUL_MAPO,KAKAO_PAY,22000,2000,R194,
973,2025-01-31T15:43:05,ORDER_CREATED,O000187,U0087,S065,SEOUL_GANGNAM,CARD,28000,2000,,
974,2025-01-31T15:45:05,PAYMENT_COMPLETED,O000187,U0087,S065,SEOUL_GANGNAM,CARD,28000,2000,,
630,2025-01-31T15:48:50,DELIVERY_COMPLETED,O000119,U0071,S112,SEOUL_MAPO,KAKAO_PAY,22000,2000,R194,
975,2025-01-31T15:50:05,STORE_ACCEPTED,O000187,U0087,S065,SEOUL_GANGNAM,CARD,28000,2000,,
976,2025-01-31T15:55:05,RIDER_ASSIGNED,O000187,U0087,S065,SEOUL_GANGNAM,CARD,28000,2000,R102,
977,2025-01-31T16:05:05,PICKED_UP,O000187,U0087,S065,SEOUL_GANGNAM,CARD,28000,2000,R102,
978,2025-01-31T16:30:05,DELIVERY_COMPLETED,O000187,U0087,S065,SEOUL_GANGNAM,CARD,28000,2000,R102,